Focal;Date;Day;Month;Year;Time;Not.reacting;Approaching.mother;Looking.towards.mother;Whimpering;Climbing.up.a.tree;Screaming;Running.away;Attacking.or.arm.waving;Approaching.another.individual;Sex;Party.size.adult.z;older.siblings.presence;Group;Age.z
SM1;21/04/2022;21;4;2022;12:25:37;0;0;0;1;1;0;0;0;0;M;0,016111081;Yes;SUD;-1,33726412
SM1;02/07/2022;2;7;2022;07:41:42;1;0;0;0;0;0;0;0;0;M;1,445319904;Yes;SUD;-1,237436685
SM1;28/03/2022;28;3;2022;07:47:55;1;0;0;0;0;0;0;0;0;M;-0,269730683;Yes;SUD;-1,370539931
SM1;19/09/2022;19;9;2022;16:14:48;0;1;1;0;0;0;0;0;0;M;-1,413097741;Yes;SUD;-1,170885061
SM1;22/04/2022;22;4;2022;06:57:19;1;0;0;0;0;0;0;0;0;M;0,016111081;Yes;SUD;-1,33726412
SM1;19/09/2022;19;9;2022;14:48:36;0;1;1;0;0;0;0;0;0;M;-1,98478127;Yes;SUD;-1,170885061
SM1;22/04/2022;22;4;2022;08:46:35;0;1;0;0;0;0;0;0;0;M;-0,841414212;Yes;SUD;-1,33726412
SM1;02/02/2023;2;2;2023;07:46:54;0;1;0;0;0;0;0;0;0;M;1,445319904;Yes;SUD;-1,004506003
SM1;22/04/2022;22;4;2022;06:55:13;1;0;0;0;0;0;0;0;0;M;-0,269730683;Yes;SUD;-1,33726412
SM1;09/02/2022;9;2;2022;07:39:07;1;0;0;0;0;0;0;0;0;M;-1,413097741;Yes;SUD;-1,403815743
SM1;19/09/2022;19;9;2022;11:41:02;1;0;0;0;0;0;0;0;0;M;-0,841414212;Yes;SUD;-1,170885061
SM1;02/02/2023;2;2;2023;07:46:54;0;1;0;0;0;0;0;0;0;M;1,445319904;Yes;SUD;-1,004506003
SM1;02/07/2022;2;7;2022;08:21:25;0;1;1;0;0;0;0;0;0;M;2,017003433;Yes;SUD;-1,237436685
SM1;21/11/2022;21;11;2022;11:36:03;0;1;1;1;0;0;0;0;0;M;-1,98478127;Yes;SUD;-1,104333438
SM1;20/11/2022;20;11;2022;17:22:00;0;1;1;1;0;0;0;0;0;M;-0,269730683;Yes;SUD;-1,104333438
SF2;21/04/2022;21;4;2022;12:25:52;0;0;1;0;1;0;0;0;0;F;-0,269730683;Yes;SUD;0,093595783
SF2;21/04/2022;21;4;2022;13:41:05;0;0;0;0;1;0;0;0;0;F;0,016111081;Yes;SUD;0,093595783
SF2;06/06/2022;6;6;2022;15:07:49;1;0;0;0;0;0;0;0;0;F;1,159478139;Yes;SUD;0,160147406
SF2;06/06/2022;6;6;2022;16:00:10;1;0;0;0;0;0;0;0;0;F;-0,841414212;Yes;SUD;0,160147406
SF2;06/06/2022;6;6;2022;15:18:23;0;1;0;0;0;0;0;0;0;F;0,016111081;Yes;SUD;0,160147406
SF2;06/06/2022;6;6;2022;15:13:20;1;0;0;0;0;0;0;0;0;F;-0,269730683;Yes;SUD;0,160147406
SF2;06/06/2022;6;6;2022;15:06:44;1;0;0;0;0;0;0;0;0;F;1,159478139;Yes;SUD;0,160147406
SF2;21/04/2022;21;4;2022;11:34:55;0;1;0;0;0;0;0;0;0;F;-1,698939506;Yes;SUD;0,093595783
SF2;31/12/2022;31;12;2022;12:03:55;0;1;0;0;0;0;0;0;0;F;0,301952846;Yes;SUD;0,359802277
SF2;31/12/2022;31;12;2022;09:39:04;0;0;1;0;1;0;0;0;0;F;0,58779461;Yes;SUD;0,359802277
SF2;02/02/2023;2;2;2023;15:27:19;0;0;0;0;0;0;0;0;1;F;1,731161668;Yes;SUD;0,4263539
SF2;29/12/2022;29;12;2022;08:07:44;0;1;1;0;0;0;0;0;0;F;2,302845197;Yes;SUD;0,359802277
SF2;06/06/2022;6;6;2022;15:24:42;0;0;1;0;1;0;0;0;0;F;0,016111081;Yes;SUD;0,160147406
SF2;31/12/2022;31;12;2022;07:41:14;0;0;0;0;1;0;0;0;0;F;0,873636375;Yes;SUD;0,359802277
SF2;02/02/2023;2;2;2023;15:27:19;0;0;0;0;0;0;0;0;1;F;1,731161668;Yes;SUD;0,4263539
SF2;06/06/2022;6;6;2022;15:22:58;0;0;1;0;1;0;0;0;0;F;0,016111081;Yes;SUD;0,160147406
SF3;07/03/2022;7;3;2022;10:31:52;0;0;0;1;0;0;0;0;0;F;-1,98478127;Yes;SUD;-1,703298048
SF3;19/04/2022;19;4;2022;12:18:10;1;0;0;0;0;0;0;0;0;F;-1,127255977;Yes;SUD;-1,670022237
SF3;29/04/2022;29;4;2022;10:08:42;0;0;1;0;0;0;0;0;0;F;1,159478139;Yes;SUD;-1,670022237
SF3;16/05/2022;16;5;2022;15:07:17;1;0;0;0;0;0;0;0;0;F;-1,98478127;Yes;SUD;-1,636746425
SF3;09/01/2023;9;1;2023;07:42:40;0;1;1;0;0;0;0;0;0;F;0,016111081;Yes;SUD;-1,370539931
SF3;28/01/2023;28;1;2023;10:55:46;0;1;0;0;0;0;0;0;0;F;0,301952846;Yes;SUD;-1,370539931
SF3;19/04/2022;19;4;2022;14:15:19;0;1;1;0;0;0;0;0;0;F;-0,269730683;Yes;SUD;-1,670022237
SF3;19/04/2022;19;4;2022;14:51:58;0;0;1;0;0;0;0;0;0;F;-1,698939506;Yes;SUD;-1,670022237
SF3;28/01/2023;28;1;2023;10:37:14;0;1;1;0;0;0;0;0;0;F;0,301952846;Yes;SUD;-1,370539931
SF3;29/04/2022;29;4;2022;07:05:56;1;0;0;0;0;0;0;0;0;F;-0,555572448;Yes;SUD;-1,670022237
SF3;28/01/2023;28;1;2023;10:37:14;0;1;1;0;0;0;0;0;0;F;0,301952846;Yes;SUD;-1,370539931
SF3;28/01/2023;28;1;2023;10:55:46;0;1;0;0;0;0;0;0;0;F;0,301952846;Yes;SUD;-1,370539931
SF3;29/04/2022;29;4;2022;11:24:32;1;0;0;0;0;0;0;0;0;F;1,159478139;Yes;SUD;-1,670022237
SF3;08/05/2022;8;5;2022;13:14:42;0;0;1;0;0;0;0;0;0;F;-0,841414212;Yes;SUD;-1,636746425
SF3;10/05/2022;10;5;2022;11:52:36;0;1;1;0;0;0;0;0;0;F;1,731161668;Yes;SUD;-1,636746425
SF3;28/01/2023;28;1;2023;09:29:19;0;1;0;0;0;0;0;0;0;F;0,873636375;Yes;SUD;-1,370539931
SF3;28/01/2023;28;1;2023;09:30:20;0;1;1;0;0;0;0;0;0;F;0,873636375;Yes;SUD;-1,370539931
SF3;19/04/2022;19;4;2022;09:47:26;0;1;0;0;0;0;0;0;0;F;-1,698939506;Yes;SUD;-1,670022237
SF3;09/01/2023;9;1;2023;07:42:40;0;1;1;0;0;0;0;0;0;F;0,016111081;Yes;SUD;-1,370539931
SF3;17/01/2023;17;1;2023;09:03:54;0;1;1;0;0;0;0;0;0;F;0,58779461;Yes;SUD;-1,370539931
SF3;17/01/2023;17;1;2023;09:07:15;0;1;1;0;0;0;0;0;0;F;1,159478139;Yes;SUD;-1,370539931
SF3;17/01/2023;17;1;2023;09:03:54;0;1;1;0;0;0;0;0;0;F;0,58779461;Yes;SUD;-1,370539931
SF3;17/01/2023;17;1;2023;09:07:15;0;1;1;0;0;0;0;0;0;F;1,159478139;Yes;SUD;-1,370539931
SF3;29/04/2022;29;4;2022;06:58:59;1;0;0;0;0;0;0;0;0;F;-0,841414212;Yes;SUD;-1,670022237
SF3;03/03/2022;3;3;2022;16:26:31;1;0;0;0;0;0;0;0;0;F;-1,698939506;Yes;SUD;-1,703298048
SF3;28/01/2023;28;1;2023;09:29:19;0;1;0;0;0;0;0;0;0;F;0,873636375;Yes;SUD;-1,370539931
SF3;19/04/2022;19;4;2022;13:53:58;0;1;1;1;0;0;0;0;0;F;-0,269730683;Yes;SUD;-1,670022237
SF3;29/04/2022;29;4;2022;10:13:33;0;1;1;1;0;0;0;0;0;F;1,159478139;Yes;SUD;-1,670022237
SF3;28/01/2023;28;1;2023;09:30:20;0;1;1;0;0;0;0;0;0;F;0,873636375;Yes;SUD;-1,370539931
SM4;08/06/2022;8;6;2022;11:15:14;1;0;0;0;0;0;0;0;0;M;-1,413097741;Yes;SUD;-1,570194801
SM4;08/06/2022;8;6;2022;11:01:56;1;0;0;0;0;0;0;0;0;M;-1,127255977;Yes;SUD;-1,570194801
SM4;04/09/2022;4;9;2022;15:24:39;1;0;0;0;0;0;0;0;0;M;0,301952846;Yes;SUD;-1,470367366
SM4;08/06/2022;8;6;2022;07:01:58;1;0;0;0;0;0;0;0;0;M;-1,127255977;Yes;SUD;-1,570194801
SM4;08/06/2022;8;6;2022;11:02:48;1;0;0;0;0;0;0;0;0;M;-1,127255977;Yes;SUD;-1,570194801
SM4;12/09/2022;12;9;2022;13:02:07;1;0;0;0;0;0;0;0;0;M;0,301952846;Yes;SUD;-1,470367366
SM4;12/09/2022;12;9;2022;07:28:09;1;0;0;0;0;0;0;0;0;M;0,016111081;Yes;SUD;-1,470367366
SM4;26/08/2022;26;8;2022;06:46:07;1;0;0;0;0;0;0;0;0;M;0,301952846;Yes;SUD;-1,503643178
SM4;06/04/2022;6;4;2022;09:49:36;1;0;0;0;0;0;0;0;0;M;-0,555572448;Yes;SUD;-1,636746425
SM4;12/09/2022;12;9;2022;07:51:12;0;0;1;1;0;0;0;0;0;M;0,301952846;Yes;SUD;-1,470367366
SM4;12/09/2022;12;9;2022;13:09:56;0;1;1;0;0;0;0;0;0;M;0,301952846;Yes;SUD;-1,470367366
SM4;12/09/2022;12;9;2022;15:16:34;1;0;0;0;0;0;0;0;0;M;0,58779461;Yes;SUD;-1,470367366
SM4;08/06/2022;8;6;2022;11:04:42;1;0;0;0;0;0;0;0;0;M;-1,127255977;Yes;SUD;-1,570194801
SM4;12/09/2022;12;9;2022;07:43:00;0;0;1;1;0;0;0;0;0;M;0,301952846;Yes;SUD;-1,470367366
EM5;26/08/2022;26;8;2022;07:09:07;1;0;0;0;0;0;0;0;0;M;0,016111081;No;EST;-0,605196262
EM5;17/12/2022;17;12;2022;14:44:06;0;0;0;0;0;0;0;0;1;M;-0,841414212;No;EST;-0,472093016
EM5;29/12/2022;29;12;2022;08:00:52;0;1;0;0;0;0;0;0;0;M;0,873636375;No;EST;-0,472093016
EM5;29/12/2022;29;12;2022;09:32:20;1;0;0;0;0;0;0;0;0;M;0,301952846;No;EST;-0,472093016
EM5;26/08/2022;26;8;2022;06:50:21;0;1;0;0;0;0;0;0;0;M;0,016111081;No;EST;-0,605196262
EM5;29/03/2023;29;3;2023;07:31:28;0;1;1;0;0;0;0;0;0;M;0,301952846;No;EST;-0,372265581
EM5;21/03/2022;21;3;2022;08:10:37;0;1;0;0;0;0;0;0;0;M;-0,269730683;No;EST;-0,771575321
EM5;04/01/2023;4;1;2023;09:01:16;0;1;0;0;0;0;0;0;0;M;0,873636375;No;EST;-0,438817204
EM5;01/03/2022;1;3;2022;14:59:00;1;0;0;0;0;0;0;0;0;M;0,301952846;No;EST;-0,771575321
EM5;06/05/2022;6;5;2022;10:50:31;1;0;0;0;0;0;0;0;0;M;0,873636375;No;EST;-0,705023697
EM5;26/08/2022;26;8;2022;06:48:05;0;1;0;0;0;0;0;0;0;M;0,016111081;No;EST;-0,605196262
EM5;27/04/2022;27;4;2022;08:49:16;1;0;0;0;0;0;0;0;0;M;-1,698939506;No;EST;-0,738299509
EM5;26/08/2022;26;8;2022;06:53:49;1;0;0;0;0;0;0;0;0;M;0,016111081;No;EST;-0,605196262
EM5;01/01/2023;1;1;2023;15:31:29;0;0;1;0;0;0;0;0;0;M;-0,841414212;No;EST;-0,438817204
EM5;26/08/2022;26;8;2022;07:44:31;1;0;0;0;0;0;0;0;0;M;0,016111081;No;EST;-0,605196262
EM5;01/03/2022;1;3;2022;08:51:05;0;0;0;0;0;0;0;0;1;M;-1,698939506;No;EST;-0,771575321
EM5;29/12/2022;29;12;2022;07:43:20;0;1;0;0;0;0;0;0;0;M;0,301952846;No;EST;-0,472093016
EM5;29/03/2022;29;3;2022;11:08:40;1;0;0;0;0;0;0;0;0;M;1,731161668;No;EST;-0,771575321
EM5;26/08/2022;26;8;2022;06:45:41;1;0;0;0;0;0;0;0;0;M;-0,555572448;No;EST;-0,605196262
EM5;29/12/2022;29;12;2022;13:17:55;0;1;0;0;0;0;0;0;0;M;-1,127255977;No;EST;-0,472093016
EM5;26/08/2022;26;8;2022;07:35:20;1;0;0;0;0;0;0;0;0;M;-0,269730683;No;EST;-0,605196262
EM5;29/03/2022;29;3;2022;08:20:55;1;0;0;0;0;0;0;0;0;M;1,445319904;No;EST;-0,771575321
EM5;29/03/2023;29;3;2023;13:00:42;0;1;1;1;0;0;0;0;0;M;0,873636375;No;EST;-0,372265581
EM5;21/03/2022;21;3;2022;10:08:55;1;0;0;0;0;0;0;0;0;M;1,445319904;No;EST;-0,771575321
EM5;04/01/2023;4;1;2023;07:05:07;0;0;0;0;1;0;0;0;0;M;-1,698939506;No;EST;-0,438817204
SF6;22/02/2022;22;2;2022;07:50:34;0;0;0;0;0;0;1;0;0;F;0,58779461;No;SUD;-0,072783275
SF6;09/03/2022;9;3;2022;17:08:12;1;0;0;0;0;0;0;0;0;F;-0,841414212;No;SUD;-0,039507464
SF6;02/03/2022;2;3;2022;14:49:51;1;0;0;0;0;0;0;0;0;F;-0,555572448;No;SUD;-0,039507464
SF6;18/04/2022;18;4;2022;08:06:49;0;0;0;0;1;0;0;0;0;F;2,302845197;No;SUD;-0,006231652
SF6;31/01/2022;31;1;2022;10:12:39;0;0;1;0;0;0;0;0;1;F;-0,555572448;No;SUD;-0,106059087
SF6;31/01/2022;31;1;2022;07:11:12;0;0;0;0;1;0;0;0;0;F;0,016111081;No;SUD;-0,106059087
SF6;05/05/2022;5;5;2022;17:20:19;1;0;0;0;0;0;0;0;0;F;-0,269730683;No;SUD;0,02704416
SF6;20/05/2022;20;5;2022;07:35:14;0;0;0;0;0;0;1;0;0;F;0,016111081;No;SUD;0,02704416
SF6;20/05/2022;20;5;2022;08:08:08;1;0;0;0;0;0;0;0;0;F;0,58779461;No;SUD;0,02704416
SF6;20/05/2022;20;5;2022;07:27:15;1;0;0;0;0;0;0;0;0;F;-0,269730683;No;SUD;0,02704416
SF6;02/03/2022;2;3;2022;13:43:35;1;0;0;0;0;0;0;0;0;F;-0,555572448;No;SUD;-0,039507464
SF6;02/03/2022;2;3;2022;14:46:10;0;0;1;0;1;0;0;0;0;F;-0,555572448;No;SUD;-0,039507464
SF6;04/04/2022;4;4;2022;14:18:11;1;0;0;0;0;0;0;0;0;F;-1,413097741;No;SUD;-0,006231652
SF6;19/01/2023;19;1;2023;08:46:12;0;0;0;0;1;0;0;0;0;F;-0,269730683;No;SUD;0,293250653
SF6;02/03/2022;2;3;2022;09:06:48;1;0;0;0;0;0;0;0;0;F;-0,555572448;No;SUD;-0,039507464
SF6;20/05/2022;20;5;2022;08:46:36;1;0;0;0;0;0;0;0;0;F;0,873636375;No;SUD;0,02704416
SF6;20/05/2022;20;5;2022;07:29:09;0;0;0;0;1;0;0;0;0;F;-0,269730683;No;SUD;0,02704416
SF6;04/04/2022;4;4;2022;13:34:18;1;0;0;0;0;0;0;0;0;F;-1,127255977;No;SUD;-0,006231652
SF6;08/05/2022;8;5;2022;08:03:34;1;0;0;0;0;0;0;0;0;F;-1,698939506;No;SUD;0,02704416
SF6;02/03/2022;2;3;2022;09:05:56;0;1;0;0;0;0;0;0;0;F;-0,555572448;No;SUD;-0,039507464
SF6;08/05/2022;8;5;2022;08:02:14;1;0;0;0;0;0;0;0;0;F;-1,698939506;No;SUD;0,02704416
SF6;08/05/2022;8;5;2022;08:05:23;1;0;0;0;0;0;0;0;0;F;-1,698939506;No;SUD;0,02704416
SF6;04/04/2022;4;4;2022;13:26:11;0;1;1;0;0;0;0;0;0;F;-1,98478127;No;SUD;-0,006231652
SF6;20/05/2022;20;5;2022;07:28:00;0;0;0;0;1;0;0;0;0;F;-0,269730683;No;SUD;0,02704416
SF6;02/03/2022;2;3;2022;14:03:54;0;0;1;0;0;0;0;0;0;F;-0,555572448;No;SUD;-0,039507464
SF6;19/01/2023;19;1;2023;08:46:12;0;0;0;0;1;0;0;0;0;F;-0,269730683;No;SUD;0,293250653
SF6;20/05/2022;20;5;2022;09:10:35;0;0;0;0;1;0;0;0;0;F;1,445319904;No;SUD;0,02704416
EF7;26/08/2022;26;8;2022;18:01:09;1;0;0;0;0;0;0;0;0;F;0,873636375;No;EST;-1,004506003
EF7;09/05/2022;9;5;2022;09:21:20;0;0;1;0;0;0;0;0;0;F;-1,127255977;No;EST;-1,104333438
EF7;16/04/2022;16;4;2022;12:19:04;0;1;0;0;0;0;0;0;0;F;1,445319904;No;EST;-1,137609249
EF7;04/03/2022;4;3;2022;08:48:42;0;1;1;0;0;0;0;0;0;F;0,58779461;No;EST;-1,170885061
EF7;06/05/2022;6;5;2022;10:01:00;1;0;0;0;0;0;0;0;0;F;0,873636375;No;EST;-1,104333438
EF7;09/05/2022;9;5;2022;09:26:36;0;0;1;1;0;0;0;0;0;F;-1,127255977;No;EST;-1,104333438
EF7;28/08/2022;28;8;2022;06:57:20;1;0;0;0;0;0;0;0;0;F;-0,269730683;No;EST;-1,004506003
EF7;30/12/2022;30;12;2022;10:27:54;0;1;0;0;0;0;0;0;0;F;-0,841414212;No;EST;-0,871402756
EF7;06/05/2022;6;5;2022;09:59:36;1;0;0;0;0;0;0;0;0;F;0,873636375;No;EST;-1,104333438
EF7;04/03/2022;4;3;2022;16:40:49;0;1;0;0;0;0;0;0;0;F;0,873636375;No;EST;-1,170885061
EF7;16/04/2022;16;4;2022;15:54:12;1;0;0;0;0;0;0;0;0;F;0,58779461;No;EST;-1,137609249
EF7;26/08/2022;26;8;2022;17:20:27;0;1;0;0;0;0;0;0;0;F;0,58779461;No;EST;-1,004506003
EF7;04/03/2022;4;3;2022;08:25:13;0;1;1;0;0;0;0;0;0;F;0,58779461;No;EST;-1,170885061
EF7;28/08/2022;28;8;2022;06:59:23;1;0;0;0;0;0;0;0;0;F;-0,269730683;No;EST;-1,004506003
EF7;26/08/2022;26;8;2022;17:39:54;1;0;0;0;0;0;0;0;0;F;0,58779461;No;EST;-1,004506003
EF7;30/12/2022;30;12;2022;09:17:24;0;0;0;0;1;0;0;0;0;F;-1,127255977;No;EST;-0,871402756
EF7;04/01/2023;4;1;2023;15:08:43;0;1;1;0;0;0;0;0;0;F;-1,127255977;No;EST;-0,838126944
EF7;29/08/2022;29;8;2022;09:58:09;0;1;0;0;0;0;0;0;0;F;-0,555572448;No;EST;-1,004506003
EF7;29/03/2022;29;3;2022;10:59:20;0;1;1;0;0;0;0;0;0;F;1,445319904;No;EST;-1,170885061
EF7;28/08/2022;28;8;2022;07:24:45;1;0;0;0;0;0;0;0;0;F;-0,269730683;No;EST;-1,004506003
EF7;28/04/2022;28;4;2022;07:25:58;0;1;1;0;0;0;0;0;0;F;0,873636375;No;EST;-1,137609249
EF7;27/06/2022;27;6;2022;09:19:33;0;1;0;0;0;0;0;0;0;F;-0,269730683;No;EST;-1,071057626
EF7;29/03/2022;29;3;2022;10:16:36;0;1;1;0;0;0;0;0;0;F;1,445319904;No;EST;-1,170885061
EF7;15/03/2022;15;3;2022;08:26:06;1;0;0;0;0;0;0;0;0;F;-0,555572448;No;EST;-1,170885061
EF7;28/08/2022;28;8;2022;11:21:49;1;0;0;0;0;0;0;0;0;F;-0,269730683;No;EST;-1,004506003
SM8;23/08/2022;23;8;2022;13:20:38;0;0;1;1;0;0;0;0;0;M;-0,555572448;No;SUD;-1,104333438
SM8;29/05/2022;29;5;2022;17:25:41;0;1;1;0;0;0;0;0;0;M;-1,98478127;No;SUD;-1,204160873
SM8;13/09/2022;13;9;2022;07:52:29;0;1;1;0;0;0;0;0;0;M;0,301952846;No;SUD;-1,071057626
SM8;22/01/2023;22;1;2023;12:45:03;1;0;0;0;0;0;0;0;0;M;0,873636375;No;SUD;-0,937954379
SM8;13/09/2022;13;9;2022;11:34:29;0;1;1;0;0;0;0;0;0;M;1,159478139;No;SUD;-1,071057626
SM8;12/04/2022;12;4;2022;08:52:11;0;1;0;0;0;0;0;0;0;M;1,731161668;No;SUD;-1,237436685
SM8;29/05/2022;29;5;2022;17:19:13;0;1;1;0;0;0;0;0;0;M;-1,413097741;No;SUD;-1,204160873
SM8;24/08/2022;24;8;2022;11:53:03;0;1;0;0;0;0;0;0;0;M;0,873636375;No;SUD;-1,104333438
SM8;13/05/2022;13;5;2022;13:27:56;1;0;0;0;0;0;0;0;0;M;1,159478139;No;SUD;-1,204160873
SM8;01/02/2022;1;2;2022;13:26:41;0;1;1;0;0;0;0;0;0;M;-0,841414212;No;SUD;-1,303988308
SM8;07/09/2022;7;9;2022;15:26:26;0;1;0;0;0;0;0;0;0;M;-0,841414212;No;SUD;-1,071057626
SM8;12/04/2022;12;4;2022;07:48:03;0;1;1;0;0;0;0;0;0;M;0,016111081;No;SUD;-1,237436685
SM8;12/04/2022;12;4;2022;09:28:02;0;1;1;0;0;0;0;0;0;M;0,301952846;No;SUD;-1,237436685
SM8;13/09/2022;13;9;2022;07:39:18;0;1;1;0;0;0;0;0;0;M;-0,269730683;No;SUD;-1,071057626
SM8;23/08/2022;23;8;2022;14:43:22;0;1;1;0;0;0;0;0;0;M;0,301952846;No;SUD;-1,104333438
SM8;24/08/2022;24;8;2022;12:17:36;0;1;1;1;0;0;0;0;0;M;1,445319904;No;SUD;-1,104333438
SM8;07/09/2022;7;9;2022;15:27:36;0;1;0;0;0;0;0;0;0;M;-0,841414212;No;SUD;-1,071057626
EM9;28/04/2022;28;4;2022;11:35:09;0;1;0;0;0;0;0;0;0;M;-0,555572448;No;EST;-0,17261071
EM9;28/11/2022;28;11;2022;08:19:59;0;1;1;0;0;0;0;0;0;M;-0,269730683;No;EST;0,060319971
EM9;23/02/2022;23;2;2022;13:03:07;0;1;1;0;0;0;0;0;0;M;-0,555572448;No;EST;-0,239162334
EM9;18/12/2022;18;12;2022;15:25:46;0;1;1;0;0;0;0;0;0;M;0,873636375;No;EST;0,093595783
EM9;28/11/2022;28;11;2022;09:00:07;0;1;1;0;0;0;0;0;0;M;-0,841414212;No;EST;0,060319971
EM9;01/02/2023;1;2;2023;09:48:00;0;1;0;0;0;0;0;0;0;M;1,731161668;No;EST;0,160147406
EM9;28/04/2022;28;4;2022;09:42:33;0;1;0;0;0;0;0;0;0;M;-0,269730683;No;EST;-0,17261071
EM9;23/06/2022;23;6;2022;06:41:17;0;1;0;0;0;0;0;0;0;M;-0,841414212;No;EST;-0,106059087
EM9;28/04/2022;28;4;2022;15:48:49;0;1;0;0;0;0;0;0;0;M;1,731161668;No;EST;-0,17261071
EM9;24/03/2022;24;3;2022;08:43:56;0;1;0;0;0;0;0;0;0;M;0,016111081;No;EST;-0,205886522
EM9;18/12/2022;18;12;2022;08:23:34;0;1;0;0;0;0;0;0;0;M;2,017003433;No;EST;0,093595783
EM9;18/12/2022;18;12;2022;08:25:32;0;1;0;0;0;0;0;0;0;M;2,017003433;No;EST;0,093595783
EM9;18/12/2022;18;12;2022;13:23:01;0;0;1;0;0;0;0;0;0;M;2,017003433;No;EST;0,093595783
EM9;01/02/2023;1;2;2023;10:13:00;0;1;1;0;0;0;0;0;0;M;1,731161668;No;EST;0,160147406
EM9;17/12/2022;17;12;2022;14:23:46;0;1;1;0;0;0;0;0;0;M;0,873636375;No;EST;0,093595783
EM10;06/04/2022;6;4;2022;10:56:53;1;0;0;0;0;0;0;0;0;M;1,731161668;No;EST;-0,17261071
EM10;06/04/2022;6;4;2022;08:56:28;1;0;0;0;0;0;0;0;0;M;0,58779461;No;EST;-0,17261071
EM10;27/01/2023;27;1;2023;12:17:25;0;1;1;0;0;0;0;0;0;M;-0,841414212;No;EST;0,126871595
EM10;28/01/2023;28;1;2023;09:13:02;1;0;0;0;0;0;0;0;0;M;-0,269730683;No;EST;0,126871595
EM10;31/01/2023;31;1;2023;15:26:36;0;1;1;0;0;0;0;0;0;M;-1,413097741;No;EST;0,126871595
EM10;06/04/2022;6;4;2022;08:49:08;1;0;0;0;0;0;0;0;0;M;0,016111081;No;EST;-0,17261071
EM10;27/01/2023;27;1;2023;07:59:52;0;1;1;0;0;0;0;0;0;M;0,58779461;No;EST;0,126871595
EM10;01/02/2023;1;2;2023;09:03:31;0;1;0;0;0;0;0;0;0;M;0,873636375;No;EST;0,160147406
EM10;27/01/2023;27;1;2023;15:11:35;0;1;0;0;0;0;0;0;0;M;1,445319904;No;EST;0,126871595
EM10;01/02/2023;1;2;2023;17:39:15;1;0;0;0;0;0;0;0;0;M;1,445319904;No;EST;0,160147406
EM10;01/02/2023;1;2;2023;07:49:20;0;1;1;0;0;0;0;0;0;M;-0,841414212;No;EST;0,160147406
EM10;01/02/2023;1;2;2023;10:13:03;0;1;1;0;0;0;0;0;0;M;1,731161668;No;EST;0,160147406
EM10;06/04/2022;6;4;2022;08:13:19;0;1;0;0;0;0;0;0;0;M;0,873636375;No;EST;-0,17261071
EM10;27/01/2023;27;1;2023;15:49:01;0;0;1;0;0;0;0;0;0;M;1,731161668;No;EST;0,126871595
EM10;27/01/2023;27;1;2023;09:56:10;0;1;1;0;0;0;0;0;0;M;2,017003433;No;EST;0,126871595
EM10;29/01/2023;29;1;2023;14:08:40;0;1;0;0;0;0;0;0;0;M;-1,413097741;No;EST;0,126871595
EM10;01/02/2023;1;2;2023;09:48:56;1;0;0;0;0;0;0;0;0;M;1,731161668;No;EST;0,160147406
EM10;29/01/2023;29;1;2023;10:14:58;0;1;1;0;0;0;0;0;0;M;-1,413097741;No;EST;0,126871595
EM10;27/01/2023;27;1;2023;15:02:38;0;1;1;0;0;0;0;0;0;M;1,445319904;No;EST;0,126871595
EM10;01/02/2023;1;2;2023;15:56:53;1;0;0;0;0;0;0;0;0;M;1,445319904;No;EST;0,160147406
SM11;19/08/2022;19;8;2022;13:09:04;0;0;0;0;1;0;0;0;0;M;-0,269730683;No;SUD;1,158421757
SM11;02/04/2022;2;4;2022;08:54:04;1;0;0;0;0;0;0;0;0;M;0,873636375;No;SUD;1,02531851
SM11;21/07/2022;21;7;2022;17:54:23;0;0;0;0;1;0;0;0;0;M;0,873636375;No;SUD;1,125145945
SM11;13/06/2022;13;6;2022;13:44:20;1;0;0;0;0;0;0;0;0;M;0,58779461;No;SUD;1,091870134
SM11;27/04/2022;27;4;2022;15:25:24;0;0;1;0;0;0;0;0;0;M;0,58779461;No;SUD;1,02531851
SM11;02/04/2022;2;4;2022;09:09:53;1;0;0;0;0;0;0;0;0;M;1,159478139;No;SUD;1,02531851
SM11;13/06/2022;13;6;2022;13:51:25;0;0;1;0;0;0;0;0;0;M;-1,127255977;No;SUD;1,091870134
SM11;02/04/2022;2;4;2022;09:37:16;1;0;0;0;0;0;0;0;0;M;1,159478139;No;SUD;1,02531851
SM11;13/06/2022;13;6;2022;13:27:58;0;1;1;0;0;0;0;0;0;M;0,58779461;No;SUD;1,091870134
SM11;02/04/2022;2;4;2022;09:42:27;1;0;0;0;0;0;0;0;0;M;1,159478139;No;SUD;1,02531851
SM11;19/08/2022;19;8;2022;13:10:50;1;0;0;0;0;0;0;0;0;M;0,016111081;No;SUD;1,158421757
SM11;02/04/2022;2;4;2022;09:05:22;1;0;0;0;0;0;0;0;0;M;0,873636375;No;SUD;1,02531851
SM11;02/04/2022;2;4;2022;07:42:53;1;0;0;0;0;0;0;0;0;M;0,301952846;No;SUD;1,02531851
SM11;27/04/2022;27;4;2022;10:30:56;0;0;0;0;1;0;0;0;0;M;-0,841414212;No;SUD;1,02531851
SM11;27/04/2022;27;4;2022;15:26:40;1;0;0;0;0;0;0;0;0;M;0,58779461;No;SUD;1,02531851
SM11;02/04/2022;2;4;2022;09:01:35;1;0;0;0;0;0;0;0;0;M;0,873636375;No;SUD;1,02531851
SM11;13/06/2022;13;6;2022;09:31:17;1;0;0;0;0;0;0;0;0;M;0,016111081;No;SUD;1,091870134
SM11;27/04/2022;27;4;2022;15:12:33;0;0;0;0;1;0;0;0;0;M;0,301952846;No;SUD;1,02531851
SM11;13/06/2022;13;6;2022;13:52:36;0;0;1;0;0;0;0;0;0;M;-1,127255977;No;SUD;1,091870134
SM11;02/04/2022;2;4;2022;09:10:41;1;0;0;0;0;0;0;0;0;M;1,159478139;No;SUD;1,02531851
SM11;02/04/2022;2;4;2022;09:27:03;1;0;0;0;0;0;0;0;0;M;1,159478139;No;SUD;1,02531851
SM11;13/06/2022;13;6;2022;13:47:20;0;0;1;0;0;0;0;0;0;M;0,58779461;No;SUD;1,091870134
SM11;02/04/2022;2;4;2022;09:45:10;1;0;0;0;0;0;0;0;0;M;1,159478139;No;SUD;1,02531851
SM11;13/06/2022;13;6;2022;09:30:14;1;0;0;0;0;0;0;0;0;M;0,016111081;No;SUD;1,091870134
SM11;02/04/2022;2;4;2022;09:43:31;1;0;0;0;0;0;0;0;0;M;1,159478139;No;SUD;1,02531851
SF12;03/03/2022;3;3;2022;07:54:20;1;0;0;0;0;0;0;0;0;F;-0,841414212;No;SUD;0,559457147
SF12;22/04/2022;22;4;2022;14:34:23;0;0;1;0;0;0;0;0;0;F;-1,413097741;No;SUD;0,592732958
SF12;03/03/2022;3;3;2022;07:23:03;1;0;0;0;0;0;0;0;0;F;0,016111081;No;SUD;0,559457147
SF12;17/03/2023;17;3;2023;07:28:57;0;0;0;0;0;0;1;0;0;F;-1,127255977;No;SUD;0,958766887
SF12;19/04/2022;19;4;2022;08:03:43;0;0;1;0;0;0;0;0;0;F;-0,841414212;No;SUD;0,592732958
SF12;03/03/2022;3;3;2022;07:26:46;1;0;0;0;0;0;0;0;0;F;0,016111081;No;SUD;0,559457147
SF12;03/03/2022;3;3;2022;08:07:41;0;0;0;0;0;1;0;0;0;F;-1,413097741;No;SUD;0,559457147
SF12;03/03/2022;3;3;2022;07:57:16;1;0;0;0;0;0;0;0;0;F;-0,555572448;No;SUD;0,559457147
SF12;17/03/2023;17;3;2023;07:28:57;0;0;0;0;0;0;1;0;0;F;-1,127255977;No;SUD;0,958766887
SF12;03/07/2022;3;7;2022;12:58:38;0;0;1;0;1;0;0;0;0;F;-1,698939506;No;SUD;0,692560393
SF13;10/04/2022;10;4;2022;16:14:15;0;1;0;1;0;0;0;0;0;F;0,016111081;Yes;SUD;0,02704416
SF13;14/01/2023;14;1;2023;11:07:18;0;0;1;0;0;0;1;0;0;F;1,159478139;Yes;SUD;0,326526465
SF13;06/04/2022;6;4;2022;12:55:26;0;0;0;0;0;0;0;0;1;F;-0,269730683;Yes;SUD;0,02704416
SF13;13/01/2023;13;1;2023;07:36:57;0;0;0;0;1;0;0;0;0;F;1,159478139;Yes;SUD;0,326526465
SF13;13/01/2023;13;1;2023;10:39:51;0;1;1;0;0;0;0;0;0;F;0,301952846;Yes;SUD;0,326526465
SF13;10/04/2022;10;4;2022;15:22:35;0;0;0;0;1;0;0;0;0;F;-0,841414212;Yes;SUD;0,02704416
SF13;17/01/2023;17;1;2023;09:26:33;0;1;1;0;0;0;0;0;0;F;-0,269730683;Yes;SUD;0,326526465
SF13;14/01/2023;14;1;2023;15:32:09;0;0;0;0;1;0;0;0;0;F;-0,841414212;Yes;SUD;0,326526465
SF13;13/01/2023;13;1;2023;08:03:16;0;0;0;0;1;0;0;0;0;F;1,731161668;Yes;SUD;0,326526465
SF13;06/04/2022;6;4;2022;12:56:12;0;0;0;0;1;0;0;0;0;F;0,301952846;Yes;SUD;0,02704416
SF13;14/01/2023;14;1;2023;12:08:30;0;0;1;0;0;0;0;0;0;F;1,731161668;Yes;SUD;0,326526465
SF14;09/04/2022;9;4;2022;08:09:08;0;0;0;0;1;0;0;0;0;F;-0,269730683;No;SUD;1,424628251
SF14;09/04/2022;9;4;2022;09:31:05;0;0;0;0;1;0;0;0;0;F;-1,413097741;No;SUD;1,424628251
SF14;26/01/2023;26;1;2023;08:26:48;0;0;0;0;1;0;0;0;0;F;-0,555572448;No;SUD;1,724110556
SF14;26/01/2023;26;1;2023;08:34:38;0;0;0;0;1;0;0;0;0;F;0,58779461;No;SUD;1,724110556
SF14;05/10/2022;5;10;2022;14:20:28;1;0;0;0;0;0;0;0;0;F;-0,841414212;No;SUD;1,624283121
SF14;09/04/2022;9;4;2022;09:29:09;0;0;0;0;0;0;1;0;0;F;-1,413097741;No;SUD;1,424628251
SF14;26/01/2023;26;1;2023;08:43:13;0;0;0;0;1;0;0;0;0;F;0,873636375;No;SUD;1,724110556
SF14;26/01/2023;26;1;2023;08:43:13;0;0;0;0;1;0;0;0;0;F;0,873636375;No;SUD;1,724110556
SF14;16/09/2022;16;9;2022;09:03:39;0;0;1;0;0;0;0;0;0;F;-1,98478127;No;SUD;1,591007309
SF14;09/04/2022;9;4;2022;07:15:14;0;0;0;0;1;0;0;0;0;F;-0,269730683;No;SUD;1,424628251
SF14;06/10/2022;6;10;2022;14:21:19;0;0;1;0;0;0;0;0;0;F;0,016111081;No;SUD;1,624283121
SF14;26/01/2023;26;1;2023;08:39:56;0;0;0;0;1;0;0;0;0;F;0,873636375;No;SUD;1,724110556
SF14;26/01/2023;26;1;2023;08:26:48;0;0;0;0;1;0;0;0;0;F;-0,555572448;No;SUD;1,724110556
SF14;09/04/2022;9;4;2022;08:36:40;0;0;1;0;0;0;0;0;0;F;-0,841414212;No;SUD;1,424628251
SF14;09/04/2022;9;4;2022;08:53:22;0;0;0;0;0;0;1;0;0;F;1,731161668;No;SUD;1,424628251
SF14;09/04/2022;9;4;2022;09:51:24;0;1;0;0;0;0;0;0;0;F;-1,698939506;No;SUD;1,424628251
SF14;06/10/2022;6;10;2022;08:41:11;0;0;0;0;1;0;0;0;0;F;0,016111081;No;SUD;1,624283121
SF14;06/10/2022;6;10;2022;11:23:09;0;0;0;0;1;0;0;0;0;F;-0,555572448;No;SUD;1,624283121
SF14;26/01/2023;26;1;2023;08:39:56;0;0;0;0;1;0;0;0;0;F;0,873636375;No;SUD;1,724110556
SF14;10/04/2022;10;4;2022;11:47:45;1;0;0;0;0;0;0;0;0;F;-0,269730683;No;SUD;1,424628251
SF14;26/01/2023;26;1;2023;08:34:38;0;0;0;0;1;0;0;0;0;F;0,58779461;No;SUD;1,724110556
NM15;06/12/2022;6;12;2022;09:34:15;1;0;0;0;0;0;0;0;0;M;-0,269730683;Yes;NORD;-0,871402756
NM15;20/06/2022;20;6;2022;14:07:21;0;1;1;1;0;0;0;0;0;M;-1,127255977;Yes;NORD;-1,071057626
NM15;26/02/2022;26;2;2022;11:55:22;0;1;1;1;0;0;0;0;0;M;0,016111081;Yes;NORD;-1,204160873
NM15;07/03/2022;7;3;2022;14:56:53;0;0;1;0;0;0;0;0;0;M;0,873636375;Yes;NORD;-1,170885061
NM15;09/12/2022;9;12;2022;10:29:44;0;1;1;0;0;0;0;0;0;M;0,873636375;Yes;NORD;-0,871402756
NM15;26/02/2022;26;2;2022;11:46:31;0;1;1;0;0;0;0;0;0;M;0,016111081;Yes;NORD;-1,204160873
NM15;20/06/2022;20;6;2022;15:53:33;0;1;1;0;0;0;0;0;0;M;-0,269730683;Yes;NORD;-1,071057626
NM15;12/12/2022;12;12;2022;13:56:40;0;1;1;0;0;0;0;0;0;M;0,873636375;Yes;NORD;-0,871402756
NM15;14/02/2022;14;2;2022;11:47:28;0;1;1;0;0;0;0;0;0;M;-1,127255977;Yes;NORD;-1,204160873
NM15;07/03/2022;7;3;2022;14:57:39;0;1;1;0;0;0;0;0;0;M;0,873636375;Yes;NORD;-1,170885061
NM16;02/12/2022;2;12;2022;10:44:00;0;0;0;0;1;1;0;0;0;M;0,016111081;Yes;NORD;0,526181335
NM16;05/12/2022;5;12;2022;06:35:48;0;1;0;0;0;0;0;0;0;M;-0,841414212;No;NORD;0,526181335
NM16;18/03/2022;18;3;2022;10:09:02;1;0;0;0;0;0;0;0;0;M;0,301952846;Yes;NORD;0,22669903
NM16;02/12/2022;2;12;2022;09:29:15;1;0;0;0;0;0;0;0;0;M;1,159478139;Yes;NORD;0,526181335
NM16;03/12/2022;3;12;2022;15:16:09;0;0;1;0;1;0;0;0;0;M;-1,698939506;Yes;NORD;0,526181335
NM16;16/02/2022;16;2;2022;12:07:43;0;0;0;0;1;0;0;0;0;M;0,301952846;Yes;NORD;0,193423218
NM16;17/08/2022;17;8;2022;15:17:13;0;1;1;0;0;0;0;0;0;M;-1,98478127;Yes;NORD;0,393078088
NM16;05/06/2022;5;6;2022;14:44:48;0;0;0;0;0;0;1;0;0;M;-0,269730683;Yes;NORD;0,326526465
NM16;18/03/2022;18;3;2022;10:05:12;1;0;0;0;0;0;0;0;0;M;0,016111081;Yes;NORD;0,22669903
NM16;02/12/2022;2;12;2022;10:41:17;0;0;1;0;1;0;0;0;0;M;-0,841414212;Yes;NORD;0,526181335
NM16;16/02/2022;16;2;2022;07:45:42;0;1;0;0;0;0;0;0;0;M;-0,841414212;Yes;NORD;0,193423218
NM16;03/12/2022;3;12;2022;09:55:28;0;0;0;0;1;0;0;0;0;M;-0,555572448;Yes;NORD;0,526181335
NM16;16/02/2022;16;2;2022;09:27:04;1;0;0;0;0;0;0;0;0;M;0,58779461;Yes;NORD;0,193423218
NM16;03/12/2022;3;12;2022;09:11:15;0;0;0;0;1;0;0;0;0;M;-1,698939506;Yes;NORD;0,526181335
NM17;06/06/2022;6;6;2022;10:57:56;0;0;0;0;1;0;0;0;0;M;0,016111081;No;NORD;1,058594322
NM17;12/06/2022;12;6;2022;07:38:41;0;0;0;0;1;0;0;0;0;M;0,016111081;No;NORD;1,058594322
NM17;28/01/2022;28;1;2022;07:46:57;0;0;0;0;1;0;0;0;0;M;-0,269730683;No;NORD;0,892215264
NM17;12/06/2022;12;6;2022;07:42:17;0;0;0;0;1;0;0;0;0;M;0,301952846;No;NORD;1,058594322
NM17;28/01/2022;28;1;2022;07:37:08;1;0;0;0;0;0;0;0;0;M;-0,555572448;No;NORD;0,892215264
NM17;28/01/2022;28;1;2022;08:29:00;0;0;0;0;1;0;0;0;0;M;0,301952846;No;NORD;0,892215264
NM17;28/01/2022;28;1;2022;08:25:47;0;0;0;0;1;0;0;0;0;M;0,301952846;No;NORD;0,892215264
NM17;11/06/2022;11;6;2022;08:25:23;0;0;1;0;0;0;0;0;0;M;-0,555572448;No;NORD;1,058594322
NM17;28/01/2022;28;1;2022;07:48:05;1;0;0;0;0;0;0;0;0;M;-0,269730683;No;NORD;0,892215264
NM17;11/06/2022;11;6;2022;14:35:32;0;0;0;0;0;0;1;0;0;M;1,159478139;No;NORD;1,058594322
NM17;11/06/2022;11;6;2022;14:36:53;0;0;0;0;1;0;0;0;0;M;1,159478139;No;NORD;1,058594322
NM17;06/06/2022;6;6;2022;11:24:47;0;0;0;0;0;0;1;0;0;M;0,016111081;No;NORD;1,058594322
NM17;11/06/2022;11;6;2022;12:03:02;0;0;0;0;0;0;1;0;0;M;-0,269730683;No;NORD;1,058594322
NM17;11/06/2022;11;6;2022;14:34:17;0;0;0;0;0;0;1;0;0;M;1,159478139;No;NORD;1,058594322
NM17;28/01/2022;28;1;2022;08:07:57;0;0;0;0;1;0;0;0;0;M;0,58779461;No;NORD;0,892215264
NM17;28/01/2022;28;1;2022;07:55:38;1;0;0;0;0;0;0;0;0;M;0,301952846;No;NORD;0,892215264
NM17;11/06/2022;11;6;2022;14:39:08;0;0;0;0;1;0;0;0;0;M;1,159478139;No;NORD;1,058594322
NM17;28/01/2022;28;1;2022;07:33:30;0;0;0;0;1;0;0;0;0;M;-0,841414212;No;NORD;0,892215264
NM17;06/06/2022;6;6;2022;11:39:55;0;0;0;0;0;1;0;0;0;M;0,301952846;No;NORD;1,058594322
NM17;03/12/2022;3;12;2022;08:32:09;0;0;0;0;1;0;0;0;0;M;1,159478139;No;NORD;1,258249192
NF18;08/01/2023;8;1;2023;09:44:23;1;0;0;0;0;0;0;0;0;F;-0,841414212;No;NORD;2,056868673
NF18;07/01/2023;7;1;2023;06:55:55;0;0;0;0;1;0;0;0;0;F;0,301952846;No;NORD;2,056868673
NF18;07/01/2023;7;1;2023;09:31:48;0;0;0;0;1;0;0;0;0;F;1,159478139;No;NORD;2,056868673
NF18;06/01/2023;6;1;2023;11:44:20;0;0;0;0;1;0;0;0;0;F;1,159478139;No;NORD;2,056868673
NF18;06/01/2023;6;1;2023;07:25:04;1;0;0;0;0;0;0;0;0;F;-0,841414212;No;NORD;2,056868673
NF18;10/01/2023;10;1;2023;07:22:23;0;0;0;0;1;0;0;0;0;F;0,301952846;No;NORD;2,056868673
NF18;08/01/2023;8;1;2023;07:13:29;0;0;0;0;1;0;0;0;0;F;0,58779461;No;NORD;2,056868673
NF18;07/01/2023;7;1;2023;14:33:32;0;0;0;0;1;0;0;0;0;F;1,159478139;No;NORD;2,056868673
NF18;07/01/2023;7;1;2023;09:34:14;0;0;0;0;1;0;0;0;0;F;1,159478139;No;NORD;2,056868673
NF18;07/03/2022;7;3;2022;08:02:17;0;0;0;0;1;0;0;0;0;F;0,58779461;No;NORD;1,724110556
NF18;10/01/2023;10;1;2023;11:31:20;0;0;0;0;1;0;0;0;0;F;-0,555572448;No;NORD;2,056868673
NF18;08/01/2023;8;1;2023;12:01:49;0;0;0;0;1;0;0;0;0;F;0,873636375;No;NORD;2,056868673
NF18;08/01/2023;8;1;2023;07:07:31;0;0;0;0;1;0;0;0;0;F;0,58779461;No;NORD;2,056868673
NF18;07/01/2023;7;1;2023;14:29:31;0;0;0;0;1;0;0;0;0;F;1,159478139;No;NORD;2,056868673
SM19;03/04/2022;3;4;2022;08:42:02;1;0;0;0;0;0;0;0;0;M;1,445319904;No;SUD;0,160147406
SM19;03/04/2022;3;4;2022;08:41:01;0;0;1;0;0;0;0;0;0;M;1,445319904;No;SUD;0,160147406
SM19;18/05/2022;18;5;2022;07:19:24;1;0;0;0;0;0;0;0;0;M;1,159478139;No;SUD;0,193423218
SM19;03/04/2022;3;4;2022;07:37:11;1;0;0;0;0;0;0;0;0;M;1,159478139;No;SUD;0,160147406
SM19;27/03/2022;27;3;2022;11:56:08;0;1;1;0;0;0;0;0;0;M;1,731161668;No;SUD;0,126871595
SM19;03/04/2022;3;4;2022;08:39:24;1;0;0;0;0;0;0;0;0;M;1,445319904;No;SUD;0,160147406
SM19;22/01/2023;22;1;2023;07:03:48;0;0;0;0;1;0;0;0;0;M;-0,841414212;No;SUD;0,459629712
SM19;07/10/2022;7;10;2022;07:22:35;1;0;0;0;0;0;0;0;0;M;-1,127255977;No;SUD;0,359802277
SM19;03/04/2022;3;4;2022;08:08:09;1;0;0;0;0;0;0;0;0;M;0,873636375;No;SUD;0,160147406
SM19;16/11/2022;16;11;2022;14:15:59;0;1;0;0;0;0;0;0;0;M;0,301952846;No;SUD;0,393078088
SM19;02/10/2022;2;10;2022;12:13:18;0;1;0;0;0;0;0;0;0;M;-0,841414212;No;SUD;0,359802277
SM19;03/04/2022;3;4;2022;08:43:03;0;0;1;0;0;0;0;0;0;M;1,445319904;No;SUD;0,160147406
SM19;07/10/2022;7;10;2022;07:59:46;0;0;0;0;1;0;0;0;0;M;-0,555572448;No;SUD;0,359802277
EM20;30/12/2022;30;12;2022;13:46:56;0;0;0;0;0;0;1;0;0;M;0,016111081;Yes;EST;0,193423218
EM20;10/04/2022;10;4;2022;14:41:58;0;0;0;0;0;1;0;0;0;M;-0,841414212;Yes;EST;-0,072783275
EM20;22/08/2022;22;8;2022;16:46:53;1;0;0;0;0;0;0;0;0;M;-0,841414212;Yes;EST;0,060319971
EM20;22/08/2022;22;8;2022;17:07:20;0;1;0;0;0;0;0;0;0;M;-0,841414212;Yes;EST;0,060319971
EM20;20/08/2022;20;8;2022;16:25:36;0;0;1;0;0;0;0;0;0;M;0,58779461;Yes;EST;0,060319971
EM20;08/03/2023;8;3;2023;07:28:31;0;0;0;0;1;0;0;0;0;M;-1,413097741;Yes;EST;0,293250653
EM20;22/08/2022;22;8;2022;07:52:02;0;0;1;0;0;0;0;0;0;M;-0,555572448;Yes;EST;0,060319971
EM20;22/08/2022;22;8;2022;17:49:36;1;0;0;0;0;0;0;0;0;M;-0,555572448;Yes;EST;0,060319971
EM20;22/08/2022;22;8;2022;08:23:23;1;0;0;0;0;0;0;0;0;M;1,159478139;Yes;EST;0,060319971
EM20;20/08/2022;20;8;2022;14:55:08;1;0;0;0;0;0;0;0;0;M;0,016111081;Yes;EST;0,060319971
EM20;29/06/2022;29;6;2022;10:45:17;0;0;1;0;0;0;0;0;0;M;-1,413097741;Yes;EST;-0,006231652
EM20;22/08/2022;22;8;2022;09:01:14;1;0;0;0;0;0;0;0;0;M;1,159478139;Yes;EST;0,060319971
EM20;22/08/2022;22;8;2022;12:01:08;0;0;1;0;0;0;0;0;0;M;0,58779461;Yes;EST;0,060319971
EM20;22/08/2022;22;8;2022;11:22:44;0;0;0;0;0;0;1;0;0;M;0,016111081;Yes;EST;0,060319971
EM20;29/06/2022;29;6;2022;10:41:03;1;0;0;0;0;0;0;0;0;M;-1,413097741;Yes;EST;-0,006231652
EM20;07/04/2022;7;4;2022;10:12:11;1;0;0;0;0;0;0;0;0;M;0,016111081;Yes;EST;-0,072783275
EM20;22/08/2022;22;8;2022;07:56:51;1;0;0;0;0;0;0;0;0;M;-0,269730683;Yes;EST;0,060319971
EM20;16/04/2022;16;4;2022;09:47:41;0;0;0;1;0;0;0;0;0;M;1,159478139;Yes;EST;-0,072783275
EM20;22/08/2022;22;8;2022;07:53:07;0;0;1;0;0;0;0;0;0;M;-0,555572448;Yes;EST;0,060319971
EF21;30/03/2022;30;3;2022;09:56:10;0;0;1;0;1;0;0;0;0;F;0,301952846;No;EST;1,557731497
EF21;23/08/2022;23;8;2022;10:11:00;1;0;0;0;0;0;0;0;0;F;-0,269730683;No;EST;1,724110556
EF21;26/08/2022;26;8;2022;07:57:00;0;0;0;0;1;0;0;0;0;F;0,301952846;No;EST;1,724110556
EF21;27/04/2022;27;4;2022;11:19:21;0;0;0;0;1;0;0;0;0;F;0,301952846;No;EST;1,591007309
EF21;26/08/2022;26;8;2022;11:06:28;1;0;0;0;0;0;0;0;0;F;1,159478139;No;EST;1,724110556
EF21;26/08/2022;26;8;2022;07:55:34;0;0;0;0;1;0;0;0;0;F;0,301952846;No;EST;1,724110556
EF21;23/08/2022;23;8;2022;10:05:55;1;0;0;0;0;0;0;0;0;F;-0,841414212;No;EST;1,724110556
EF21;04/01/2023;4;1;2023;12:21:47;1;0;0;0;0;0;0;0;0;F;-0,841414212;No;EST;1,890489614
EF21;26/08/2022;26;8;2022;09:47:23;0;0;0;0;1;0;0;0;0;F;-1,98478127;No;EST;1,724110556
EF21;23/06/2022;23;6;2022;14:22:00;0;0;0;0;1;0;0;0;0;F;1,159478139;No;EST;1,657558932
EF21;21/04/2022;21;4;2022;16:05:27;1;0;0;0;0;0;0;0;0;F;-0,269730683;No;EST;1,591007309
EF21;26/08/2022;26;8;2022;09:48:24;1;0;0;0;0;0;0;0;0;F;-1,98478127;No;EST;1,724110556
EF21;23/08/2022;23;8;2022;08:16:18;1;0;0;0;0;0;0;0;0;F;-0,555572448;No;EST;1,724110556
EF21;21/04/2022;21;4;2022;15:00:54;1;0;0;0;0;0;0;0;0;F;0,58779461;No;EST;1,591007309
EF21;04/01/2023;4;1;2023;13:07:44;0;0;0;0;1;0;0;0;0;F;0,301952846;No;EST;1,890489614
EF21;23/08/2022;23;8;2022;10:00:45;1;0;0;0;0;0;0;0;0;F;-1,413097741;No;EST;1,724110556
EF21;23/08/2022;23;8;2022;10:30:07;0;0;0;0;1;0;0;0;0;F;-0,269730683;No;EST;1,724110556
EF21;21/04/2022;21;4;2022;14:12:07;0;0;0;0;1;0;0;0;0;F;0,016111081;No;EST;1,591007309
EF21;21/04/2022;21;4;2022;15:01:32;1;0;0;0;0;0;0;0;0;F;0,58779461;No;EST;1,591007309
EF21;21/04/2022;21;4;2022;16:02:19;1;0;0;0;0;0;0;0;0;F;-0,555572448;No;EST;1,591007309
EF21;26/08/2022;26;8;2022;08:16:55;0;0;0;0;1;0;0;0;0;F;0,873636375;No;EST;1,724110556
EF21;16/12/2022;16;12;2022;14:56:31;0;0;0;0;1;1;0;0;0;F;-1,698939506;No;EST;1,857213803
EF21;23/08/2022;23;8;2022;12:40:35;1;0;0;0;0;0;0;0;0;F;-1,98478127;No;EST;1,724110556
EF21;23/08/2022;23;8;2022;08:08:55;0;0;0;0;1;0;0;0;0;F;-1,698939506;No;EST;1,724110556
EF21;26/08/2022;26;8;2022;11:19:34;0;0;0;0;0;0;1;0;0;F;1,159478139;No;EST;1,724110556
SM22;11/05/2022;11;5;2022;15:29:20;0;1;1;0;0;0;0;0;0;M;0,58779461;Yes;SUD;-0,571920451
SM22;13/05/2022;13;5;2022;17:06:52;0;0;0;1;0;0;0;0;1;M;-1,413097741;No;SUD;-0,571920451
SM22;22/08/2022;22;8;2022;16:02:26;0;1;1;0;0;0;0;0;0;M;-1,698939506;Yes;SUD;-0,472093016
SM22;11/05/2022;11;5;2022;15:29:59;0;1;1;0;0;0;0;0;0;M;0,58779461;Yes;SUD;-0,571920451
NF23;19/03/2022;19;3;2022;09:11:45;1;0;0;0;0;0;0;0;0;F;1,159478139;No;NORD;-1,004506003
NF23;15/07/2022;15;7;2022;12:13:10;1;0;0;0;0;0;0;0;0;F;-0,269730683;No;NORD;-0,871402756
NF23;19/06/2022;19;6;2022;15:04:39;0;1;0;0;0;0;0;0;0;F;0,016111081;No;NORD;-0,904678568
NF23;14/02/2022;14;2;2022;15:56:33;0;1;1;0;0;0;0;0;0;F;0,016111081;No;NORD;-1,037781814
NF23;20/06/2022;20;6;2022;09:55:13;0;1;1;0;0;0;0;0;0;F;-0,841414212;No;NORD;-0,904678568
NF23;13/02/2022;13;2;2022;07:15:39;1;0;0;0;0;0;0;0;0;F;0,301952846;No;NORD;-1,037781814
NF23;12/02/2022;12;2;2022;14:54:48;0;1;0;0;0;0;0;0;0;F;0,301952846;No;NORD;-1,037781814
NF23;19/03/2022;19;3;2022;09:09:12;0;1;1;0;0;0;0;0;0;F;1,159478139;No;NORD;-1,004506003
NF23;12/03/2022;12;3;2022;15:39:27;0;1;1;0;0;0;0;0;0;F;-1,413097741;No;NORD;-1,004506003
NF23;19/03/2022;19;3;2022;09:48:18;1;0;0;0;0;0;0;0;0;F;1,445319904;No;NORD;-1,004506003
NF23;26/01/2022;26;1;2022;07:56:37;1;0;0;0;0;0;0;0;0;F;-0,269730683;No;NORD;-1,071057626
NF23;12/03/2022;12;3;2022;11:22:27;0;1;1;0;0;0;0;0;0;F;-0,841414212;No;NORD;-1,004506003
NF23;19/03/2022;19;3;2022;09:41:13;1;0;0;0;0;0;0;0;0;F;1,445319904;No;NORD;-1,004506003
NF23;12/03/2022;12;3;2022;11:07:24;0;1;1;0;0;0;0;0;0;F;-1,698939506;No;NORD;-1,004506003
SM24;27/04/2022;27;4;2022;16:22:05;0;0;0;0;0;0;1;0;0;M;0,301952846;No;SUD;1,258249192
SM24;23/06/2022;23;6;2022;10:08:56;0;0;0;0;1;0;0;0;0;M;0,301952846;No;SUD;1,324800816
SM24;23/06/2022;23;6;2022;09:46:08;1;0;0;0;0;0;0;0;0;M;1,159478139;No;SUD;1,324800816
SM24;21/05/2022;21;5;2022;14:00:32;0;0;0;0;1;0;0;0;0;M;0,301952846;No;SUD;1,291525004
SM24;23/06/2022;23;6;2022;10:00:50;1;0;0;0;0;0;0;0;0;M;-0,555572448;No;SUD;1,324800816
SM24;25/09/2022;25;9;2022;07:31:53;0;0;0;0;0;0;1;0;0;M;-0,555572448;No;SUD;1,424628251
SM24;23/06/2022;23;6;2022;09:23:12;1;0;0;0;0;0;0;0;0;M;0,016111081;No;SUD;1,324800816
SM24;21/05/2022;21;5;2022;10:47:52;0;0;0;0;0;0;1;0;0;M;-1,127255977;No;SUD;1,291525004
SM24;21/05/2022;21;5;2022;10:35:28;0;0;0;0;1;0;0;0;0;M;0,016111081;No;SUD;1,291525004
SM24;23/06/2022;23;6;2022;11:02:48;1;0;0;0;0;0;0;0;0;M;-0,841414212;No;SUD;1,324800816
SM24;23/06/2022;23;6;2022;09:31:46;0;0;0;0;0;0;1;0;0;M;0,873636375;No;SUD;1,324800816
SM24;27/04/2022;27;4;2022;17:50:12;1;0;0;0;0;0;0;0;0;M;-1,413097741;No;SUD;1,258249192
SM25;02/03/2023;2;3;2023;10:17:27;1;0;0;0;0;0;0;0;0;M;-1,698939506;No;SUD;0,126871595
SM25;20/02/2023;20;2;2023;08:20:26;0;0;0;0;0;0;0;1;0;M;1,731161668;No;SUD;0,093595783
SM25;20/02/2023;20;2;2023;08:20:26;0;0;0;0;0;0;0;1;0;M;1,731161668;No;SUD;0,093595783
SM25;02/04/2022;2;4;2022;13:45:48;1;0;0;0;0;0;0;0;0;M;-0,555572448;No;SUD;-0,239162334
SM25;02/03/2023;2;3;2023;10:17:27;1;0;0;0;0;0;0;0;0;M;-1,698939506;No;SUD;0,126871595
SM25;20/02/2023;20;2;2023;07:56:50;0;1;1;0;0;0;0;0;0;M;0,58779461;No;SUD;0,093595783
SM25;20/03/2022;20;3;2022;16:53:45;0;0;0;0;1;0;0;0;0;M;0,016111081;No;SUD;-0,272438146
SM25;02/03/2023;2;3;2023;13:58:35;0;0;0;0;1;0;0;0;0;M;3,160370491;No;SUD;0,126871595
SM25;20/02/2023;20;2;2023;07:56:50;0;1;1;0;0;0;0;0;0;M;0,58779461;No;SUD;0,093595783
SM25;02/04/2022;2;4;2022;14:06:35;1;0;0;0;0;0;0;0;0;M;-0,555572448;No;SUD;-0,239162334
SM25;20/02/2023;20;2;2023;07:36:06;0;0;0;0;1;0;0;0;0;M;-0,269730683;No;SUD;0,093595783
SM25;02/03/2023;2;3;2023;13:58:35;0;0;0;0;1;0;0;0;0;M;3,160370491;No;SUD;0,126871595
SM25;20/02/2023;20;2;2023;07:36:06;0;0;0;0;1;0;0;0;0;M;-0,269730683;No;SUD;0,093595783
SM26;12/06/2022;12;6;2022;14:22:51;1;0;0;0;0;0;0;0;0;M;-0,841414212;No;EST;-0,538644639
SM26;05/04/2022;5;4;2022;11:50:22;0;1;1;0;0;0;0;0;0;M;0,301952846;No;EST;-0,605196262
SM26;21/02/2022;21;2;2022;10:32:08;1;0;0;0;0;0;0;0;0;M;-0,841414212;No;EST;-0,671747886
SM26;12/08/2022;12;8;2022;17:20:00;0;0;1;0;0;0;0;0;0;M;-0,841414212;No;EST;-0,472093016
SM26;03/04/2022;3;4;2022;11:40:47;0;0;0;0;0;0;1;0;0;M;0,301952846;No;EST;-0,605196262
SM26;12/06/2022;12;6;2022;10:27:43;1;0;0;0;0;0;0;0;0;M;-0,841414212;No;EST;-0,538644639
SM26;08/06/2022;8;6;2022;14:38:56;1;0;0;0;0;0;0;0;0;M;-1,127255977;No;EST;-0,538644639
SM26;08/06/2022;8;6;2022;16:14:28;1;0;0;0;0;0;0;0;0;M;0,301952846;No;EST;-0,538644639
SM26;09/04/2022;9;4;2022;15:03:32;1;0;0;0;0;0;0;0;0;M;1,445319904;No;EST;-0,605196262
SM26;12/03/2022;12;3;2022;08:01:26;0;0;1;0;0;0;0;0;0;M;-1,698939506;No;EST;-0,638472074
SM26;12/06/2022;12;6;2022;15:40:47;1;0;0;0;0;0;0;0;0;M;-0,841414212;No;EST;-0,538644639
SM26;12/06/2022;12;6;2022;15:43:47;1;0;0;0;0;0;0;0;0;M;-0,841414212;No;EST;-0,538644639
SM26;12/06/2022;12;6;2022;15:42:05;1;0;0;0;0;0;0;0;0;M;-0,841414212;No;EST;-0,538644639
SM26;08/06/2022;8;6;2022;13:27:05;1;0;0;0;0;0;0;0;0;M;0,873636375;No;EST;-0,538644639
SF27;03/05/2022;3;5;2022;08:44:56;0;1;0;0;0;0;0;0;0;F;-0,269730683;No;SUD;-0,638472074
SF27;12/04/2022;12;4;2022;09:25:44;0;1;0;0;0;0;0;0;0;F;-0,555572448;No;SUD;-0,671747886
SF27;03/05/2022;3;5;2022;08:42:38;1;0;0;0;0;0;0;0;0;F;-0,841414212;No;SUD;-0,638472074
SF27;15/04/2022;15;4;2022;14:53:53;1;0;0;0;0;0;0;0;0;F;0,58779461;No;SUD;-0,671747886
SF27;13/04/2022;13;4;2022;09:04:38;0;1;0;0;0;0;0;0;0;F;-0,841414212;No;SUD;-0,671747886
SF27;18/04/2022;18;4;2022;08:14:40;0;1;0;0;0;0;0;0;0;F;0,873636375;No;SUD;-0,671747886
SF27;15/04/2022;15;4;2022;14:47:24;1;0;0;0;0;0;0;0;0;F;0,301952846;No;SUD;-0,671747886
SF27;12/04/2022;12;4;2022;09:57:04;0;1;0;0;0;0;0;0;0;F;-0,841414212;No;SUD;-0,671747886
SF27;13/04/2022;13;4;2022;08:44:06;1;0;0;0;0;0;0;0;0;F;-0,841414212;No;SUD;-0,671747886
SF27;15/04/2022;15;4;2022;12:16:05;1;0;0;0;0;0;0;0;0;F;-0,269730683;No;SUD;-0,671747886
SF27;18/04/2022;18;4;2022;08:40:14;0;1;1;0;0;0;0;0;0;F;0,301952846;No;SUD;-0,671747886
SF27;27/01/2023;27;1;2023;07:57:53;0;1;1;0;0;0;0;0;0;F;0,301952846;No;SUD;-0,372265581
SF27;27/01/2023;27;1;2023;09:31:44;0;1;0;0;0;0;0;0;0;F;-0,269730683;No;SUD;-0,372265581
SF27;03/05/2022;3;5;2022;10:49:40;0;1;1;0;0;0;0;0;0;F;-0,555572448;No;SUD;-0,638472074
SF27;15/04/2022;15;4;2022;12:40:57;1;0;0;0;0;0;0;0;0;F;-0,555572448;No;SUD;-0,671747886
SF27;03/05/2022;3;5;2022;06:56:44;0;0;1;0;0;0;0;0;0;F;0,016111081;No;SUD;-0,638472074
SF27;03/05/2022;3;5;2022;07:04:55;1;0;0;0;0;0;0;0;0;F;0,016111081;No;SUD;-0,638472074
SF27;01/02/2022;1;2;2022;12:22:25;0;1;1;0;0;0;0;0;0;F;1,159478139;No;SUD;-0,738299509
SF27;12/04/2022;12;4;2022;07:45:50;0;0;1;0;0;0;0;0;0;F;0,58779461;No;SUD;-0,671747886
SF27;12/04/2022;12;4;2022;09:00:11;1;0;0;0;0;0;0;0;0;F;-0,555572448;No;SUD;-0,671747886
SF27;12/04/2022;12;4;2022;09:01:29;1;0;0;0;0;0;0;0;0;F;-0,269730683;No;SUD;-0,671747886
SF27;03/05/2022;3;5;2022;07:51:10;0;0;1;0;0;0;0;0;0;F;-1,127255977;No;SUD;-0,638472074
SF27;03/05/2022;3;5;2022;07:59:31;1;0;0;0;0;0;0;0;0;F;-0,555572448;No;SUD;-0,638472074
SF27;12/04/2022;12;4;2022;11:57:42;1;0;0;0;0;0;0;0;0;F;-1,127255977;No;SUD;-0,671747886
SF27;12/04/2022;12;4;2022;12:05:02;1;0;0;0;0;0;0;0;0;F;-0,269730683;No;SUD;-0,671747886
SF27;12/04/2022;12;4;2022;14:04:30;0;1;0;0;0;0;0;0;0;F;-0,269730683;No;SUD;-0,671747886
SF27;12/04/2022;12;4;2022;14:24:43;0;0;1;0;0;0;0;0;0;F;0,016111081;No;SUD;-0,671747886
SF27;12/04/2022;12;4;2022;14:31:53;0;1;0;0;0;0;0;0;0;F;0,301952846;No;SUD;-0,671747886
SF27;08/08/2022;8;8;2022;08:10:07;0;1;1;0;0;0;0;0;0;F;-1,98478127;No;SUD;-0,538644639
SF27;08/08/2022;8;8;2022;08:11:25;0;0;1;0;0;0;0;0;0;F;-1,98478127;No;SUD;-0,538644639
SF27;08/08/2022;8;8;2022;12:35:53;0;1;1;1;0;0;0;0;0;F;-1,413097741;No;SUD;-0,538644639
SF27;08/08/2022;8;8;2022;16:48:58;0;0;1;0;0;0;0;0;0;F;-0,841414212;No;SUD;-0,538644639
SF27;10/08/2022;10;8;2022;13:36:42;0;0;1;0;0;0;0;0;0;F;-1,413097741;No;SUD;-0,538644639
SF27;19/08/2022;19;8;2022;17:29:09;0;1;0;0;0;0;0;0;0;F;-0,269730683;No;SUD;-0,538644639
SF27;13/04/2022;13;4;2022;09:25:32;1;0;0;0;0;0;0;0;0;F;-0,269730683;No;SUD;-0,671747886
SF27;13/04/2022;13;4;2022;10:31:17;1;0;0;0;0;0;0;0;0;F;-0,269730683;No;SUD;-0,671747886
SF27;13/04/2022;13;4;2022;11:55:49;1;0;0;0;0;0;0;0;0;F;0,301952846;No;SUD;-0,671747886
SF27;18/04/2022;18;4;2022;09:19:24;0;1;0;0;0;0;0;0;0;F;0,301952846;No;SUD;-0,671747886
SF27;18/04/2022;18;4;2022;09:21:55;0;1;0;0;0;0;0;0;0;F;0,58779461;No;SUD;-0,671747886
SF27;15/04/2022;15;4;2022;12:41:20;1;0;0;0;0;0;0;0;0;F;-0,555572448;No;SUD;-0,671747886
SF27;15/04/2022;15;4;2022;12:42:54;0;1;0;0;0;0;0;0;0;F;-0,555572448;No;SUD;-0,671747886
SF27;15/04/2022;15;4;2022;14:35:06;0;1;0;0;0;0;0;0;0;F;-0,555572448;No;SUD;-0,671747886
SF27;03/05/2022;3;5;2022;06:54:41;0;1;1;0;0;0;0;0;0;F;-0,269730683;No;SUD;-0,638472074
SF27;13/04/2022;13;4;2022;07:09:00;1;0;0;0;0;0;0;0;0;F;0,58779461;No;SUD;-0,671747886
SF27;15/04/2022;15;4;2022;15:06:40;0;1;0;0;0;0;0;0;0;F;0,58779461;No;SUD;-0,671747886
SF27;15/04/2022;15;4;2022;15:11:04;0;1;0;0;0;0;0;0;0;F;-0,555572448;No;SUD;-0,671747886
SF27;27/01/2023;27;1;2023;07:57:53;0;1;1;0;0;0;0;0;0;F;0,301952846;No;SUD;-0,372265581
SF27;27/01/2023;27;1;2023;09:31:44;0;1;0;0;0;0;0;0;0;F;-0,269730683;No;SUD;-0,372265581
SF27;18/04/2022;18;4;2022;08:45:13;0;1;1;0;0;0;0;0;0;F;0,301952846;No;SUD;-0,671747886
SF27;18/04/2022;18;4;2022;08:57:43;1;0;0;0;0;0;0;0;0;F;0,301952846;No;SUD;-0,671747886
SF27;03/05/2022;3;5;2022;08:04:20;0;0;1;0;0;0;0;0;0;F;-1,127255977;No;SUD;-0,638472074
SF27;03/05/2022;3;5;2022;08:19:33;0;0;1;0;0;0;0;0;0;F;0,58779461;No;SUD;-0,638472074
SF27;18/04/2022;18;4;2022;16:42:19;1;0;0;0;0;0;0;0;0;F;2,302845197;No;SUD;-0,671747886
SF27;18/04/2022;18;4;2022;16:54:24;1;0;0;0;0;0;0;0;0;F;-1,413097741;No;SUD;-0,671747886
SF27;03/05/2022;3;5;2022;06:48:16;0;1;1;0;0;0;0;0;0;F;-0,269730683;No;SUD;-0,638472074
SF27;12/04/2022;12;4;2022;16:30:54;1;0;0;0;0;0;0;0;0;F;1,731161668;No;SUD;-0,671747886
SF27;03/05/2022;3;5;2022;07:41:17;1;0;0;0;0;0;0;0;0;F;0,301952846;No;SUD;-0,638472074
SF27;13/04/2022;13;4;2022;07:25:50;0;1;0;0;0;0;0;0;0;F;0,873636375;No;SUD;-0,671747886
SF27;03/05/2022;3;5;2022;07:17:48;0;1;1;0;0;0;0;0;0;F;-1,127255977;No;SUD;-0,638472074
SF27;03/05/2022;3;5;2022;07:32:27;1;0;0;0;0;0;0;0;0;F;0,016111081;No;SUD;-0,638472074
SF27;03/05/2022;3;5;2022;08:35:34;0;0;1;0;0;0;0;0;0;F;0,016111081;No;SUD;-0,638472074
SF27;13/04/2022;13;4;2022;08:24:45;1;0;0;0;0;0;0;0;0;F;-1,127255977;No;SUD;-0,671747886
SM28;08/04/2022;8;4;2022;12:07:32;0;0;1;0;0;0;0;0;0;M;-1,413097741;Yes;SUD;-0,072783275
SM28;22/03/2022;22;3;2022;12:06:32;1;0;0;0;0;0;0;0;0;M;1,159478139;Yes;SUD;-0,106059087
SM28;08/04/2022;8;4;2022;10:13:17;0;0;1;0;0;0;0;0;0;M;-0,841414212;Yes;SUD;-0,072783275
SM28;22/03/2022;22;3;2022;11:46:18;0;0;0;0;1;0;0;0;0;M;0,873636375;Yes;SUD;-0,106059087
SM28;08/04/2022;8;4;2022;10:14:27;0;1;0;0;0;0;0;0;0;M;-0,841414212;Yes;SUD;-0,072783275
SM28;08/04/2022;8;4;2022;06:38:09;0;0;0;0;1;0;0;0;0;M;-0,841414212;Yes;SUD;-0,072783275
SM28;08/04/2022;8;4;2022;11:09:55;1;0;0;0;0;0;0;0;0;M;-0,841414212;Yes;SUD;-0,072783275
SM28;14/01/2023;14;1;2023;07:46:47;0;1;0;0;0;0;0;0;0;M;0,301952846;Yes;SUD;0,22669903
SM28;14/01/2023;14;1;2023;07:58:58;0;0;0;0;1;0;0;0;0;M;0,873636375;Yes;SUD;0,22669903
SM28;08/04/2022;8;4;2022;10:54:30;0;0;0;0;1;0;0;0;0;M;0,016111081;Yes;SUD;-0,072783275
SM28;08/04/2022;8;4;2022;12:25:12;1;0;0;0;0;0;0;0;0;M;-1,413097741;Yes;SUD;-0,072783275
SM28;08/04/2022;8;4;2022;12:32:03;1;0;0;0;0;0;0;0;0;M;-1,698939506;No;SUD;-0,072783275
SM28;08/04/2022;8;4;2022;12:37:48;0;0;1;0;0;0;0;0;0;M;-1,698939506;No;SUD;-0,072783275
SM28;08/04/2022;8;4;2022;12:57:39;0;0;1;0;0;0;0;0;0;M;-1,413097741;Yes;SUD;-0,072783275
SM28;08/04/2022;8;4;2022;06:34:26;1;0;0;0;0;0;0;0;0;M;-1,413097741;Yes;SUD;-0,072783275
SM28;14/01/2023;14;1;2023;07:46:47;0;1;0;0;0;0;0;0;0;M;0,301952846;Yes;SUD;0,22669903
SM28;14/01/2023;14;1;2023;07:58:58;0;0;0;0;1;0;0;0;0;M;0,873636375;Yes;SUD;0,22669903
SM28;12/08/2022;12;8;2022;12:44:37;0;0;0;0;1;0;0;0;0;M;-1,127255977;Yes;SUD;0,060319971
SM28;08/04/2022;8;4;2022;12:23:22;0;0;1;0;0;0;0;0;0;M;-1,698939506;Yes;SUD;-0,072783275
SM28;08/04/2022;8;4;2022;11:06:41;0;0;1;0;1;0;0;0;0;M;-0,841414212;Yes;SUD;-0,072783275
SM28;08/04/2022;8;4;2022;14:52:41;1;0;0;0;0;0;0;0;0;M;-1,413097741;Yes;SUD;-0,072783275
SM28;03/05/2022;3;5;2022;14:11:43;1;0;0;0;0;0;0;0;0;M;0,016111081;Yes;SUD;-0,039507464
SM28;08/04/2022;8;4;2022;13:33:15;1;0;0;0;0;0;0;0;0;M;-1,413097741;No;SUD;-0,072783275
SF29;19/03/2023;19;3;2023;12:47:31;0;0;0;0;0;1;1;0;0;F;1,159478139;No;SUD;1,790662179
SF29;08/04/2022;8;4;2022;10:15:35;1;0;0;0;0;0;0;0;0;F;-0,841414212;No;SUD;1,424628251
SF29;08/04/2022;8;4;2022;10:56:43;0;0;0;0;1;0;0;0;0;F;0,016111081;No;SUD;1,424628251
SF29;13/04/2022;13;4;2022;09:28:11;0;0;0;0;1;0;0;0;0;F;1,731161668;No;SUD;1,424628251
SF29;19/03/2023;19;3;2023;08:15:38;0;0;0;0;1;0;0;0;0;F;0,873636375;No;SUD;1,790662179
SF29;19/03/2023;19;3;2023;12:47:31;0;0;0;0;0;1;1;0;0;F;1,159478139;No;SUD;1,790662179
SF29;13/04/2022;13;4;2022;08:56:05;0;0;0;0;1;0;0;0;0;F;0,873636375;No;SUD;1,424628251
SF29;19/03/2023;19;3;2023;08:15:38;0;0;0;0;1;0;0;0;0;F;0,873636375;No;SUD;1,790662179
SF29;08/04/2022;8;4;2022;06:40:44;0;0;0;0;1;0;0;0;0;F;-0,555572448;No;SUD;1,424628251
SF29;08/04/2022;8;4;2022;09:30:03;1;0;0;0;0;0;0;0;0;F;1,159478139;No;SUD;1,424628251
SF29;08/04/2022;8;4;2022;09:34:16;1;0;0;0;0;0;0;0;0;F;1,159478139;No;SUD;1,424628251
SF29;10/02/2023;10;2;2023;15:43:48;0;0;0;0;1;0;0;0;0;F;-0,269730683;No;SUD;1,757386368
SF29;10/02/2023;10;2;2023;16:13:02;0;0;0;0;0;0;0;1;0;F;0,873636375;No;SUD;1,757386368
SF29;08/04/2022;8;4;2022;11:08:40;0;0;0;0;1;0;0;0;0;F;0,016111081;No;SUD;1,424628251
SF29;08/04/2022;8;4;2022;11:12:01;0;0;0;0;1;0;0;0;0;F;0,016111081;No;SUD;1,424628251
SF29;08/04/2022;8;4;2022;12:39:37;0;0;0;0;1;0;0;0;0;F;-1,98478127;No;SUD;1,424628251
SF29;10/02/2023;10;2;2023;15:43:48;0;0;0;0;1;0;0;0;0;F;-0,269730683;No;SUD;1,757386368
SF29;10/02/2023;10;2;2023;16:13:02;0;0;0;0;0;0;0;1;0;F;0,873636375;No;SUD;1,757386368
EM30;20/03/2022;20;3;2022;14:18:17;0;0;0;0;1;0;0;0;0;M;0,301952846;Yes;EST;-0,139334899
EM30;20/03/2022;20;3;2022;15:41:48;1;0;0;0;0;0;0;0;0;M;0,58779461;Yes;EST;-0,139334899
EM30;02/04/2022;2;4;2022;14:33:37;1;0;0;0;0;0;0;0;0;M;-0,269730683;Yes;EST;-0,106059087
EM30;20/04/2022;20;4;2022;09:21:09;1;0;0;0;0;0;0;0;0;M;0,016111081;Yes;EST;-0,106059087
EM30;07/05/2022;7;5;2022;13:54:16;1;0;0;0;0;0;0;0;0;M;-0,269730683;Yes;EST;-0,072783275
