Focal;Date;Time;Approach.mother.offspring;Whimper.or.scream;Sex;Age.z;Group;Party.size.adult.z
SM1;09/02/2022;07:39:07;0;0;M;-1,431469438;SUD;-1,022531473
SM1;09/02/2022;10:57:36;0;1;M;-1,431469438;SUD;-1,296527383
SM1;28/03/2022;07:47:55;0;0;M;-1,392136113;SUD;0,073452166
SM1;21/04/2022;12:25:37;1;1;M;-1,352802787;SUD;0,347448076
SM1;22/04/2022;06:55:13;0;0;M;-1,352802787;SUD;0,073452166
SM1;22/04/2022;06:57:19;0;0;M;-1,352802787;SUD;0,347448076
SM1;22/04/2022;08:46:35;1;0;M;-1,352802787;SUD;-0,474539653
SM1;22/04/2022;09:17:42;0;1;M;-1,352802787;SUD;-0,200543744
SM1;06/06/2022;11:17:38;0;1;M;-1,274136136;SUD;-1,296527383
SM1;06/06/2022;12:12:15;0;0;M;-1,274136136;SUD;-1,296527383
SM1;06/06/2022;13:06:16;0;0;M;-1,274136136;SUD;-1,296527383
SM1;06/06/2022;14:03:37;1;1;M;-1,274136136;SUD;-1,022531473
SM1;02/07/2022;08:21:25;1;0;M;-1,234802811;SUD;2,265419445
SM1;16/09/2022;15:17:37;1;1;M;-1,15613616;SUD;0,347448076
SM1;17/09/2022;13:01:39;1;1;M;-1,15613616;SUD;0,621443986
SM1;19/09/2022;11:41:02;0;0;M;-1,15613616;SUD;-0,474539653
SM1;19/09/2022;14:48:36;1;0;M;-1,15613616;SUD;-1,570523293
SM1;19/09/2022;16:14:48;1;0;M;-1,15613616;SUD;-1,022531473
SM1;17/11/2022;07:52:38;1;0;M;-1,077469509;SUD;-0,474539653
SM1;17/11/2022;07:54:49;1;1;M;-1,077469509;SUD;-0,474539653
SM1;20/11/2022;16:19:19;1;0;M;-1,077469509;SUD;2,265419445
SM1;20/11/2022;17:22:00;1;1;M;-1,077469509;SUD;0,073452166
SM1;21/11/2022;11:36:03;1;1;M;-1,077469509;SUD;-1,570523293
SF2;21/04/2022;11:34:55;1;0;F;0,338530209;SUD;-1,296527383
SF2;21/04/2022;12:25:52;0;0;F;0,338530209;SUD;0,073452166
SF2;21/04/2022;13:41:05;0;0;F;0,338530209;SUD;0,347448076
SF2;21/04/2022;14:30:39;0;0;F;0,338530209;SUD;-1,022531473
SF2;06/06/2022;14:57:54;0;1;F;0,41719686;SUD;1,443431715
SF2;06/06/2022;15:06:44;0;0;F;0,41719686;SUD;1,443431715
SF2;06/06/2022;15:07:49;0;0;F;0,41719686;SUD;1,443431715
SF2;06/06/2022;15:13:20;0;0;F;0,41719686;SUD;0,073452166
SF2;06/06/2022;15:18:23;1;0;F;0,41719686;SUD;0,347448076
SF2;06/06/2022;15:24:42;0;0;F;0,41719686;SUD;0,347448076
SF2;06/06/2022;15:32:47;0;1;F;0,41719686;SUD;-0,200543744
SF2;06/06/2022;15:56:27;0;1;F;0,41719686;SUD;-0,474539653
SF2;06/06/2022;16:00:10;0;0;F;0,41719686;SUD;-0,474539653
SF2;02/07/2022;15:56:38;0;1;F;0,456530185;SUD;-1,570523293
SF2;24/12/2022;12:39:13;0;1;F;0,653196813;SUD;-0,200543744
SF2;26/12/2022;09:59:37;0;1;F;0,653196813;SUD;0,347448076
SF2;28/12/2022;09:27:57;1;0;F;0,653196813;SUD;-1,022531473
SF2;29/12/2022;08:07:44;1;0;F;0,653196813;SUD;2,539415355
SF2;29/12/2022;08:29:54;0;1;F;0,653196813;SUD;2,265419445
SF2;29/12/2022;13:20:01;0;0;F;0,653196813;SUD;1,169435806
SF2;29/12/2022;13:24:18;1;1;F;0,653196813;SUD;1,169435806
SF2;29/12/2022;13:47:25;0;1;F;0,653196813;SUD;1,991423535
SF2;30/12/2022;11:31:33;1;1;F;0,653196813;SUD;1,717427625
SF2;31/12/2022;07:41:14;0;0;F;0,653196813;SUD;1,169435806
SF2;31/12/2022;09:39:04;0;0;F;0,653196813;SUD;0,895439896
SF2;31/12/2022;09:45:51;0;1;F;0,653196813;SUD;0,895439896
SF2;31/12/2022;09:50:18;0;1;F;0,653196813;SUD;0,895439896
SF2;31/12/2022;12:03:55;1;0;F;0,653196813;SUD;0,621443986
SF3;03/03/2022;16:26:31;0;0;F;-1,785469367;SUD;-1,296527383
SF3;03/03/2022;17:25:59;1;0;F;-1,785469367;SUD;-1,570523293
SF3;07/03/2022;09:42:30;1;0;F;-1,785469367;SUD;-1,570523293
SF3;07/03/2022;09:52:37;1;1;F;-1,785469367;SUD;-1,570523293
SF3;07/03/2022;10:31:52;0;1;F;-1,785469367;SUD;-1,570523293
SF3;19/04/2022;09:47:26;1;0;F;-1,746136042;SUD;-1,296527383
SF3;19/04/2022;13:53:58;1;1;F;-1,746136042;SUD;0,073452166
SF3;19/04/2022;14:15:19;1;0;F;-1,746136042;SUD;0,073452166
SF3;19/04/2022;14:51:58;0;0;F;-1,746136042;SUD;-1,296527383
SF3;29/04/2022;06:58:59;0;0;F;-1,746136042;SUD;-0,474539653
SF3;29/04/2022;10:08:42;0;0;F;-1,746136042;SUD;1,443431715
SF3;29/04/2022;10:13:33;1;1;F;-1,746136042;SUD;1,443431715
SF3;29/04/2022;11:24:32;0;0;F;-1,746136042;SUD;1,443431715
SF3;08/05/2022;13:14:42;0;0;F;-1,706802716;SUD;-0,474539653
SF3;10/05/2022;11:46:28;0;1;F;-1,706802716;SUD;1,991423535
SF3;10/05/2022;11:52:36;1;0;F;-1,706802716;SUD;1,991423535
SM4;28/03/2022;12:01:26;1;0;M;-1,746136042;SUD;-1,296527383
SM4;06/04/2022;09:49:36;0;0;M;-1,706802716;SUD;-0,200543744
SM4;08/06/2022;07:01:58;0;0;M;-1,628136065;SUD;-0,748535563
SM4;08/06/2022;11:02:48;0;0;M;-1,628136065;SUD;-0,748535563
SM4;11/08/2022;12:46:24;0;1;M;-1,549469414;SUD;-1,022531473
SM4;26/08/2022;06:46:07;0;0;M;-1,549469414;SUD;0,621443986
SM4;04/09/2022;15:24:39;0;0;M;-1,510136089;SUD;0,621443986
SM4;12/09/2022;07:43:00;1;1;M;-1,510136089;SUD;0,621443986
SM4;12/09/2022;07:51:12;1;1;M;-1,510136089;SUD;0,621443986
SM4;12/09/2022;13:02:07;0;0;M;-1,510136089;SUD;0,621443986
SM4;12/09/2022;13:09:56;1;0;M;-1,510136089;SUD;0,621443986
SM4;12/09/2022;13:17:16;1;1;M;-1,510136089;SUD;0,621443986
SM4;12/09/2022;15:16:34;0;0;M;-1,510136089;SUD;0,895439896
EM5;01/03/2022;08:51:05;0;0;M;-0,684136254;EST;-1,570523293
EM5;01/03/2022;14:59:00;0;0;M;-0,684136254;EST;0,347448076
EM5;01/03/2022;16:37:06;1;0;M;-0,684136254;EST;-0,748535563
EM5;21/03/2022;10:08:55;0;0;M;-0,684136254;EST;1,443431715
EM5;29/03/2022;08:20:55;0;0;M;-0,684136254;EST;1,443431715
EM5;29/03/2022;09:13:15;0;1;M;-0,684136254;EST;1,717427625
EM5;10/04/2022;16:28:52;0;0;M;-0,644802928;EST;-0,200543744
EM5;27/04/2022;08:49:16;0;0;M;-0,644802928;EST;-1,570523293
EM5;06/05/2022;10:50:31;0;0;M;-0,605469603;EST;0,895439896
EM5;06/05/2022;15:46:35;1;0;M;-0,605469603;EST;-0,748535563
EM5;23/05/2022;13:34:07;1;1;M;-0,605469603;EST;-1,570523293
EM5;12/08/2022;14:11:31;0;0;M;-0,487469626;EST;-1,296527383
EM5;26/08/2022;06:45:41;0;0;M;-0,487469626;EST;-0,474539653
EM5;26/08/2022;06:48:05;1;0;M;-0,487469626;EST;0,073452166
EM5;26/08/2022;06:50:21;1;0;M;-0,487469626;EST;0,073452166
EM5;26/08/2022;06:53:49;0;0;M;-0,487469626;EST;0,073452166
EM5;26/08/2022;07:09:07;0;0;M;-0,487469626;EST;0,073452166
EM5;26/08/2022;07:35:20;0;0;M;-0,487469626;EST;-0,200543744
EM5;26/08/2022;07:44:31;0;0;M;-0,487469626;EST;0,073452166
EM5;29/03/2023;07:31:28;1;0;M;-0,212136348;EST;0,347448076
SF6;31/01/2022;07:11:12;0;0;F;0,102530256;SUD;0,073452166
SF6;31/01/2022;09:39:28;0;1;F;0,102530256;SUD;-1,022531473
SF6;31/01/2022;10:12:39;0;0;F;0,102530256;SUD;-0,474539653
SF6;02/03/2022;09:05:56;1;0;F;0,181196907;SUD;-0,474539653
SF6;02/03/2022;09:06:48;0;0;F;0,181196907;SUD;-0,474539653
SF6;02/03/2022;13:43:35;0;0;F;0,181196907;SUD;-0,474539653
SF6;22/02/2022;14:09:23;0;0;F;0,141863581;SUD;-0,748535563
SF6;02/03/2022;14:19:21;0;0;F;0,181196907;SUD;-0,474539653
SF6;02/03/2022;14:46:10;0;0;F;0,181196907;SUD;-0,474539653
SF6;02/03/2022;14:49:51;0;0;F;0,181196907;SUD;-0,474539653
SF6;02/03/2022;14:03:54;0;0;F;0,181196907;SUD;-0,474539653
SF6;24/03/2022;16:20:06;1;1;F;0,181196907;SUD;-0,748535563
SF6;04/04/2022;06:27:30;0;1;F;0,220530232;SUD;-0,200543744
SF6;04/04/2022;13:26:11;1;0;F;0,220530232;SUD;-1,844519202
SF6;04/04/2022;13:34:18;0;0;F;0,220530232;SUD;-1,022531473
SF6;13/04/2022;16:28:28;1;1;F;0,220530232;SUD;-0,200543744
SF6;05/05/2022;17:20:19;0;0;F;0,259863558;SUD;-0,200543744
SF6;08/05/2022;08:02:14;0;0;F;0,259863558;SUD;-1,570523293
SF6;08/05/2022;08:03:34;0;0;F;0,259863558;SUD;-1,570523293
SF6;08/05/2022;08:05:23;0;0;F;0,259863558;SUD;-1,570523293
SF6;20/05/2022;07:27:15;0;0;F;0,259863558;SUD;-0,200543744
SF6;20/05/2022;08:08:08;0;0;F;0,259863558;SUD;0,621443986
SF6;09/03/2022;17:08:12;0;0;F;0,181196907;SUD;-0,748535563
EF7;04/03/2022;08:25:13;1;0;F;-1,15613616;EST;0,621443986
EF7;04/03/2022;16:40:49;1;0;F;-1,15613616;EST;0,895439896
EF7;06/03/2022;09:05:54;1;0;F;-1,15613616;EST;-1,296527383
EF7;06/03/2022;11:45:01;0;0;F;-1,15613616;EST;-1,296527383
EF7;15/03/2022;08:26:06;0;0;F;-1,15613616;EST;-0,474539653
EF7;29/03/2022;08:47:57;0;1;F;-1,15613616;EST;1,169435806
EF7;29/03/2022;10:16:36;1;0;F;-1,15613616;EST;1,443431715
EF7;29/03/2022;10:59:20;1;0;F;-1,15613616;EST;1,443431715
EF7;16/04/2022;12:19:04;1;0;F;-1,116802834;EST;1,443431715
EF7;16/04/2022;15:54:12;0;0;F;-1,116802834;EST;0,621443986
EF7;28/04/2022;07:25:58;1;0;F;-1,116802834;EST;0,895439896
EF7;06/05/2022;08:15:53;0;0;F;-1,077469509;EST;0,621443986
EF7;06/05/2022;08:43:16;0;1;F;-1,077469509;EST;0,621443986
EF7;06/05/2022;09:59:36;0;0;F;-1,077469509;EST;0,895439896
EF7;06/05/2022;10:01:00;0;0;F;-1,077469509;EST;0,895439896
EF7;09/05/2022;09:21:20;1;0;F;-1,077469509;EST;-1,022531473
EF7;09/05/2022;09:26:36;1;1;F;-1,077469509;EST;-1,022531473
EF7;27/06/2022;09:19:33;1;0;F;-1,038136183;EST;-0,200543744
EF7;27/06/2022;15:26:28;1;0;F;-1,038136183;EST;-0,474539653
EF7;26/08/2022;17:20:27;1;0;F;-0,959469532;EST;0,621443986
EF7;26/08/2022;17:39:54;0;0;F;-0,959469532;EST;0,621443986
EF7;26/08/2022;18:01:09;0;0;F;-0,959469532;EST;0,895439896
EF7;26/08/2022;18:17:16;0;0;F;-0,959469532;EST;0,347448076
EF7;28/08/2022;06:57:20;0;0;F;-0,959469532;EST;-0,200543744
EF7;28/08/2022;06:59:23;0;0;F;-0,959469532;EST;-0,200543744
EF7;28/08/2022;07:24:45;0;0;F;-0,959469532;EST;-0,200543744
EF7;28/08/2022;11:21:49;0;0;F;-0,959469532;EST;-0,200543744
EF7;29/08/2022;09:58:09;1;0;F;-0,959469532;EST;-0,474539653
EF7;04/03/2022;08:48:42;1;0;F;-1,15613616;EST;0,621443986
SM8;12/04/2022;07:48:03;1;0;M;-1,234802811;SUD;0,073452166
SM8;12/04/2022;08:52:11;1;0;M;-1,234802811;SUD;1,717427625
SM8;12/04/2022;09:28:02;1;0;M;-1,234802811;SUD;0,347448076
SM8;01/02/2022;13:26:41;1;0;M;-1,313469462;SUD;-0,748535563
SM8;13/05/2022;13:27:56;0;0;M;-1,195469485;SUD;1,169435806
SM8;15/05/2022;16:29:19;1;1;M;-1,195469485;SUD;-1,296527383
SM8;29/05/2022;17:19:13;1;0;M;-1,195469485;SUD;-1,296527383
SM8;12/04/2022;10:29:32;1;1;M;-1,234802811;SUD;1,169435806
SM8;23/08/2022;09:21:49;0;1;M;-1,077469509;SUD;-1,022531473
SM8;23/08/2022;10:11:01;1;1;M;-1,077469509;SUD;-1,570523293
SM8;23/08/2022;14:43:22;1;0;M;-1,077469509;SUD;0,347448076
SM8;29/05/2022;17:25:41;1;0;M;-1,195469485;SUD;-1,844519202
SM8;24/08/2022;12:17:36;1;1;M;-1,077469509;SUD;1,443431715
SM8;07/09/2022;15:26:26;1;0;M;-1,038136183;SUD;-0,748535563
SM8;07/09/2022;15:27:36;1;0;M;-1,038136183;SUD;-0,748535563
SM8;13/09/2022;07:39:18;1;0;M;-1,038136183;SUD;-0,200543744
SM8;13/09/2022;07:52:29;1;0;M;-1,038136183;SUD;0,347448076
SM8;13/09/2022;08:18:21;0;1;M;-1,038136183;SUD;-1,022531473
SM8;13/09/2022;11:34:29;1;0;M;-1,038136183;SUD;1,169435806
SM8;04/10/2022;06:41:35;1;1;M;-0,998802858;SUD;0,347448076
SM8;22/01/2023;12:45:03;0;0;M;-0,880802881;SUD;0,895439896
SM8;22/01/2023;12:48:39;1;1;M;-0,880802881;SUD;0,895439896
SM8;24/08/2022;11:53:03;1;0;M;-1,077469509;SUD;0,895439896
EM9;23/02/2022;12:07:41;1;0;M;-0,054803046;EST;-0,474539653
EM9;23/02/2022;12:07:45;1;0;M;-0,054803046;EST;-0,474539653
EM9;23/02/2022;13:03:07;1;0;M;-0,054803046;EST;-0,474539653
EM9;24/03/2022;07:49:28;1;0;M;-0,015469721;EST;-1,022531473
EM9;24/03/2022;07:55:10;0;1;M;-0,015469721;EST;-1,022531473
EM9;24/03/2022;08:43:56;1;0;M;-0,015469721;EST;0,073452166
EM9;24/03/2022;08:50:36;0;1;M;-0,015469721;EST;0,347448076
EM9;24/03/2022;08:51:28;0;1;M;-0,015469721;EST;0,347448076
EM9;28/04/2022;09:42:33;1;0;M;0,023863605;EST;-0,200543744
EM9;28/04/2022;11:35:09;1;0;M;0,023863605;EST;-0,474539653
EM9;28/04/2022;15:48:49;1;0;M;0,023863605;EST;1,717427625
EM9;23/06/2022;10:33:02;1;1;M;0,102530256;EST;-1,296527383
EM9;23/06/2022;10:54:02;0;0;M;0,102530256;EST;-1,296527383
EM9;28/11/2022;08:19:59;1;0;M;0,299196883;EST;-0,200543744
EM9;28/11/2022;09:00:07;1;0;M;0,299196883;EST;-0,748535563
EM9;24/03/2022;07:41:20;1;0;M;-0,015469721;EST;-1,022531473
EM9;28/11/2022;11:57:02;1;1;M;0,299196883;EST;0,347448076
EM9;16/12/2022;11:26:28;1;1;M;0,338530209;EST;0,621443986
EM9;17/12/2022;14:23:46;1;0;M;0,338530209;EST;0,895439896
EM9;18/12/2022;08:23:34;1;0;M;0,338530209;EST;1,991423535
EM9;18/12/2022;08:25:32;1;0;M;0,338530209;EST;1,991423535
EM9;18/12/2022;13:23:01;0;0;M;0,338530209;EST;1,991423535
EM9;18/12/2022;15:25:46;1;0;M;0,338530209;EST;0,895439896
EM9;19/12/2022;09:15:08;1;1;M;0,338530209;EST;2,265419445
EM9;19/12/2022;09:16:14;1;1;M;0,338530209;EST;2,265419445
EM9;20/12/2022;09:02:08;1;1;M;0,338530209;EST;0,073452166
EM9;01/02/2023;09:48:00;1;0;M;0,41719686;EST;1,717427625
EM9;01/02/2023;10:13:00;1;0;M;0,41719686;EST;1,717427625
EM9;28/11/2022;11:48:17;1;1;M;0,299196883;EST;0,347448076
EM9;01/02/2023;17:39:00;1;1;M;0,41719686;EST;1,443431715
EM10;06/04/2022;08:13:19;1;0;M;0,023863605;EST;0,895439896
EM10;06/04/2022;08:49:08;1;0;M;0,023863605;EST;0,073452166
EM10;06/04/2022;08:56:28;0;0;M;0,023863605;EST;0,621443986
EM10;06/04/2022;10:56:53;0;0;M;0,023863605;EST;1,717427625
EM10;06/04/2022;11:44:10;0;1;M;0,023863605;EST;1,717427625
EM10;27/01/2023;07:59:52;1;0;M;0,377863534;EST;0,621443986
EM10;27/01/2023;09:56:10;1;0;M;0,377863534;EST;1,991423535
EM10;27/01/2023;11:26:13;1;1;M;0,377863534;EST;1,443431715
EM10;27/01/2023;12:17:25;1;0;M;0,377863534;EST;-0,748535563
EM10;27/01/2023;15:02:38;1;0;M;0,377863534;EST;1,443431715
EM10;27/01/2023;15:11:35;1;0;M;0,377863534;EST;1,443431715
EM10;27/01/2023;15:49:01;0;0;M;0,377863534;EST;1,717427625
EM10;28/01/2023;09:13:02;0;0;M;0,377863534;EST;-0,200543744
EM10;28/01/2023;10:12:41;1;1;M;0,377863534;EST;0,621443986
EM10;29/01/2023;10:14:58;1;0;M;0,377863534;EST;-1,296527383
EM10;29/01/2023;14:08:40;1;0;M;0,377863534;EST;-1,296527383
EM10;31/01/2023;15:26:36;1;0;M;0,377863534;EST;-1,296527383
EM10;01/02/2023;07:49:20;1;0;M;0,41719686;EST;-0,748535563
EM10;01/02/2023;08:27:34;1;1;M;0,41719686;EST;-0,474539653
EM10;01/02/2023;09:03:31;1;0;M;0,41719686;EST;0,895439896
EM10;01/02/2023;09:48:56;0;0;M;0,41719686;EST;1,717427625
EM10;01/02/2023;10:13:03;1;0;M;0,41719686;EST;1,717427625
EM10;01/02/2023;14:05:52;1;1;M;0,41719686;EST;0,895439896
EM10;01/02/2023;15:56:53;0;0;M;0,41719686;EST;1,443431715
EM10;01/02/2023;17:39:15;0;0;M;0,41719686;EST;1,443431715
EM10;18/03/2022;08:27:28;1;0;M;-0,015469721;EST;-0,474539653
SM11;02/04/2022;07:42:53;0;0;M;1,439863322;SUD;0,347448076
SM11;02/04/2022;09:09:53;0;0;M;1,439863322;SUD;1,169435806
SM11;02/04/2022;09:10:41;0;0;M;1,439863322;SUD;1,169435806
SM11;02/04/2022;09:27:03;0;0;M;1,439863322;SUD;1,169435806
SM11;02/04/2022;09:37:16;0;0;M;1,439863322;SUD;1,169435806
SM11;02/04/2022;09:42:27;0;0;M;1,439863322;SUD;1,169435806
SM11;02/04/2022;09:43:31;0;0;M;1,439863322;SUD;1,169435806
SM11;02/04/2022;09:45:10;0;0;M;1,439863322;SUD;1,169435806
SM11;13/06/2022;13:27:58;1;0;M;1,518529973;SUD;0,895439896
SM11;13/06/2022;13:44:20;0;0;M;1,518529973;SUD;0,895439896
SM11;02/04/2022;09:05:22;0;0;M;1,439863322;SUD;0,895439896
SF12;03/03/2022;07:23:03;0;0;F;0,889196766;SUD;0,347448076
SF12;03/03/2022;07:26:46;0;0;F;0,889196766;SUD;0,347448076
SF12;03/03/2022;07:54:20;0;0;F;0,889196766;SUD;-0,474539653
SF12;03/03/2022;08:07:21;1;1;F;0,889196766;SUD;-1,022531473
SF12;03/03/2022;08:07:41;0;1;F;0,889196766;SUD;-1,022531473
SF12;22/04/2022;14:34:23;0;0;F;0,928530091;SUD;-1,022531473
SF12;10/05/2022;13:48:31;0;1;F;0,967863416;SUD;1,443431715
SF12;10/05/2022;14:49:37;0;0;F;0,967863416;SUD;-1,844519202
SF12;03/07/2022;12:58:38;0;0;F;1,046530067;SUD;-1,296527383
SF12;11/07/2022;10:38:23;0;0;F;1,046530067;SUD;-1,844519202
SF12;03/03/2022;07:57:16;0;0;F;0,889196766;SUD;-0,200543744
SF13;27/03/2022;14:51:06;1;1;F;0,220530232;SUD;-1,022531473
SF13;27/03/2022;16:57:59;1;1;F;0,220530232;SUD;0,621443986
SF13;06/04/2022;12:56:12;0;0;F;0,259863558;SUD;0,621443986
SF13;10/04/2022;16:14:15;1;1;F;0,259863558;SUD;0,347448076
SF13;13/01/2023;07:36:57;0;0;F;0,613863487;SUD;1,443431715
SF13;06/04/2022;12:55:26;0;0;F;0,259863558;SUD;0,073452166
SF13;13/01/2023;09:19:00;1;1;F;0,613863487;SUD;-1,022531473
SF13;13/01/2023;10:39:51;1;0;F;0,613863487;SUD;0,621443986
SF13;13/01/2023;16:04:04;1;1;F;0,613863487;SUD;0,621443986
SF13;14/01/2023;11:07:18;0;0;F;0,613863487;SUD;1,443431715
SF13;14/01/2023;12:08:30;0;0;F;0,613863487;SUD;1,991423535
SF13;14/01/2023;15:32:09;0;0;F;0,613863487;SUD;-0,474539653
SF13;17/01/2023;09:26:33;1;0;F;0,613863487;SUD;0,073452166
SF13;13/01/2023;08:03:16;0;0;F;0,613863487;SUD;1,991423535
SF14;27/03/2022;12:45:01;0;1;F;1,872529903;SUD;-1,296527383
SF14;09/04/2022;09:29:09;0;0;F;1,911863228;SUD;-1,022531473
SF14;09/04/2022;09:31:05;0;0;F;1,911863228;SUD;-1,022531473
SF14;10/04/2022;09:30:30;0;1;F;1,911863228;SUD;1,443431715
SF14;09/04/2022;08:53:22;0;0;F;1,911863228;SUD;1,991423535
SF14;16/09/2022;09:03:39;0;0;F;2,108529856;SUD;-1,570523293
SF14;16/09/2022;10:03:07;0;1;F;2,108529856;SUD;0,895439896
SF14;05/10/2022;14:20:28;0;0;F;2,147863181;SUD;-0,474539653
SF14;06/10/2022;07:17:44;0;1;F;2,147863181;SUD;-0,748535563
SF14;06/10/2022;11:23:09;0;0;F;2,147863181;SUD;-0,200543744
SF14;06/10/2022;14:21:19;0;0;F;2,147863181;SUD;0,347448076
SF14;16/09/2022;07:14:26;1;1;F;2,108529856;SUD;1,169435806
NM15;14/02/2022;11:47:28;1;0;M;-1,195469485;NORD;-1,022531473
NM15;14/02/2022;12:43:23;1;0;M;-1,195469485;NORD;0,347448076
NM15;26/02/2022;11:46:31;1;0;M;-1,195469485;NORD;0,073452166
NM15;26/02/2022;11:55:22;1;1;M;-1,195469485;NORD;0,073452166
NM15;26/02/2022;12:19:01;0;1;M;-1,195469485;NORD;0,347448076
NM15;26/02/2022;11:27:34;1;0;M;-1,195469485;NORD;-0,200543744
NM15;07/03/2022;14:57:39;1;0;M;-1,15613616;NORD;0,895439896
NM15;21/03/2022;11:03:53;1;1;M;-1,15613616;NORD;-0,200543744
NM15;20/06/2022;14:07:21;1;1;M;-1,038136183;NORD;-1,022531473
NM15;20/06/2022;15:53:33;1;0;M;-1,038136183;NORD;-0,200543744
NM15;09/12/2022;10:20:45;1;0;M;-0,80213623;NORD;0,347448076
NM15;09/12/2022;10:23:38;1;0;M;-0,80213623;NORD;0,347448076
NM15;09/12/2022;10:29:44;1;0;M;-0,80213623;NORD;0,895439896
NM15;09/12/2022;13:52:26;1;1;M;-0,80213623;NORD;-1,570523293
NM15;12/12/2022;13:56:40;1;0;M;-0,80213623;NORD;0,895439896
NM15;07/03/2022;14:56:53;0;0;M;-1,15613616;NORD;0,895439896
NM16;14/02/2022;13:18:21;1;1;M;0,456530185;NORD;0,621443986
NM16;16/02/2022;07:45:42;1;0;M;0,456530185;NORD;-0,748535563
NM16;16/02/2022;09:27:04;0;0;M;0,456530185;NORD;0,621443986
NM16;14/02/2022;13:15:03;1;0;M;0,456530185;NORD;0,621443986
NM16;18/03/2022;10:09:02;0;0;M;0,495863511;NORD;0,347448076
NM16;18/03/2022;12:03:57;1;1;M;0,495863511;NORD;0,895439896
NM16;22/03/2022;14:32:49;0;1;M;0,495863511;NORD;-0,200543744
NM16;17/08/2022;15:17:13;1;0;M;0,692530138;NORD;-1,844519202
NM16;02/12/2022;09:29:15;0;0;M;0,84986344;NORD;1,169435806
NM16;02/12/2022;10:41:17;0;0;M;0,84986344;NORD;-0,748535563
NM16;02/12/2022;10:47:59;0;1;M;0,84986344;NORD;0,895439896
NM16;02/12/2022;10:49:58;0;1;M;0,84986344;NORD;0,895439896
NM16;02/12/2022;10:51:34;1;1;M;0,84986344;NORD;0,895439896
NM16;03/12/2022;09:11:15;0;0;M;0,84986344;NORD;-1,570523293
NM16;03/12/2022;09:55:28;0;0;M;0,84986344;NORD;-0,474539653
NM16;03/12/2022;15:16:09;0;0;M;0,84986344;NORD;-1,570523293
NM16;18/03/2022;10:05:12;0;0;M;0,495863511;NORD;0,073452166
NM16;04/12/2022;13:16:30;1;1;M;0,84986344;NORD;0,347448076
NM16;04/12/2022;15:01:42;1;0;M;0,84986344;NORD;0,895439896
NM16;05/12/2022;06:35:48;1;0;M;0,84986344;NORD;-0,748535563
NM16;04/12/2022;13:12:18;1;1;M;0,84986344;NORD;0,347448076
NM17;28/01/2022;07:37:08;0;0;M;1,28253002;NORD;-0,474539653
NM17;28/01/2022;07:48:05;0;0;M;1,28253002;NORD;-0,200543744
NM17;28/01/2022;07:55:38;0;0;M;1,28253002;NORD;0,347448076
NM17;28/01/2022;08:07:57;0;0;M;1,28253002;NORD;0,621443986
NM17;28/01/2022;07:46:57;0;0;M;1,28253002;NORD;-0,200543744
NM17;28/01/2022;08:25:22;0;1;M;1,28253002;NORD;0,073452166
NM17;28/01/2022;08:25:47;0;0;M;1,28253002;NORD;0,347448076
NM17;28/01/2022;09:57:12;0;1;M;1,28253002;NORD;0,621443986
NM17;28/01/2022;08:08:57;0;0;M;1,28253002;NORD;0,621443986
NM17;08/03/2022;08:30:28;0;1;M;1,361196671;NORD;-0,748535563
NM17;06/06/2022;10:57:56;0;0;M;1,479196648;NORD;0,073452166
NM17;07/06/2022;08:58:43;0;1;M;1,479196648;NORD;-0,200543744
NM17;11/06/2022;13:12:15;0;1;M;1,479196648;NORD;1,169435806
NM17;11/06/2022;14:26:38;0;1;M;1,479196648;NORD;1,169435806
NM17;12/06/2022;07:34:04;1;1;M;1,479196648;NORD;-0,200543744
NM17;12/06/2022;07:38:41;0;0;M;1,479196648;NORD;0,073452166
NM17;12/06/2022;07:42:17;0;0;M;1,479196648;NORD;0,347448076
NM17;12/07/2022;14:58:55;1;1;M;1,518529973;NORD;-1,570523293
NM17;12/10/2022;16:47:00;0;1;M;1,63652995;NORD;1,169435806
NM17;13/10/2022;06:49:32;1;1;M;1,63652995;NORD;0,073452166
NM17;03/12/2022;08:32:09;0;0;M;1,715196601;NORD;1,169435806
NM17;08/03/2022;08:19:55;1;1;M;1,361196671;NORD;0,621443986
NF18;06/01/2023;07:25:04;0;0;F;2,659196412;NORD;-0,748535563
NF18;06/01/2023;11:44:20;0;0;F;2,659196412;NORD;1,169435806
NF18;08/01/2023;09:44:23;0;0;F;2,659196412;NORD;-0,748535563
NF18;10/01/2023;07:22:23;0;0;F;2,659196412;NORD;0,347448076
NF18;08/01/2023;07:13:29;0;0;F;2,659196412;NORD;0,621443986
SM19;27/03/2022;11:41:02;1;1;M;0,377863534;SUD;1,443431715
SM19;27/03/2022;11:41:12;1;1;M;0,377863534;SUD;1,717427625
SM19;03/04/2022;08:08:09;0;0;M;0,41719686;SUD;0,895439896
SM19;03/04/2022;08:39:24;0;0;M;0,41719686;SUD;1,443431715
SM19;03/04/2022;08:41:01;0;0;M;0,41719686;SUD;1,443431715
SM19;03/04/2022;07:37:11;0;0;M;0,41719686;SUD;1,169435806
SM19;02/10/2022;12:13:18;1;0;M;0,653196813;SUD;-0,748535563
SM19;07/10/2022;07:17:55;0;0;M;0,653196813;SUD;-1,570523293
SM19;07/10/2022;07:22:35;0;0;M;0,653196813;SUD;-0,748535563
SM19;18/05/2022;07:19:24;0;0;M;0,456530185;SUD;1,169435806
SM19;07/10/2022;08:14:17;1;1;M;0,653196813;SUD;0,073452166
SM19;16/11/2022;14:15:59;1;0;M;0,692530138;SUD;0,621443986
SM19;16/11/2022;15:07:27;0;1;M;0,692530138;SUD;2,265419445
SM19;20/11/2022;08:45:20;1;1;M;0,692530138;SUD;-0,200543744
SM19;21/11/2022;07:51:34;0;0;M;0,692530138;SUD;-1,296527383
SM19;22/01/2023;07:03:48;0;0;M;0,771196789;SUD;-0,474539653
SM19;22/01/2023;08:34:47;1;0;M;0,771196789;SUD;0,621443986
SM19;22/01/2023;08:51:28;1;0;M;0,771196789;SUD;0,621443986
SM19;07/10/2022;07:59:46;0;0;M;0,653196813;SUD;-0,200543744
EM20;07/04/2022;10:12:11;0;0;M;0,141863581;EST;0,073452166
EM20;10/04/2022;14:41:58;0;1;M;0,141863581;EST;-0,748535563
EM20;07/05/2022;08:27:29;0;1;M;0,181196907;EST;-0,200543744
EM20;07/04/2022;09:15:04;0;1;M;0,141863581;EST;-0,474539653
EM20;29/06/2022;10:45:17;0;0;M;0,220530232;EST;-1,296527383
EM20;20/08/2022;10:54:13;0;1;M;0,299196883;EST;0,621443986
EM20;20/08/2022;14:30:51;0;1;M;0,299196883;EST;0,073452166
EM20;20/08/2022;14:36:42;0;1;M;0,299196883;EST;0,073452166
EM20;20/08/2022;14:55:08;0;0;M;0,299196883;EST;0,073452166
EM20;20/08/2022;16:25:36;0;0;M;0,299196883;EST;0,621443986
EM20;20/08/2022;16:48:22;0;1;M;0,299196883;EST;0,621443986
EM20;22/08/2022;07:53:07;0;0;M;0,299196883;EST;-0,474539653
EM20;22/08/2022;07:56:51;0;0;M;0,299196883;EST;-0,200543744
EM20;22/08/2022;08:23:23;0;0;M;0,299196883;EST;1,169435806
EM20;22/08/2022;09:01:14;0;0;M;0,299196883;EST;1,169435806
EM20;22/08/2022;11:22:44;0;0;M;0,299196883;EST;0,073452166
EM20;22/08/2022;12:01:08;0;0;M;0,299196883;EST;0,621443986
EM20;22/08/2022;16:46:53;0;0;M;0,299196883;EST;-0,748535563
EM20;22/08/2022;17:07:20;1;0;M;0,299196883;EST;-0,748535563
EM20;22/08/2022;17:14:22;0;1;M;0,299196883;EST;-0,748535563
EM20;22/08/2022;17:49:36;0;0;M;0,299196883;EST;-0,474539653
EM20;22/08/2022;17:53:47;1;1;M;0,299196883;EST;-0,474539653
EM20;29/06/2022;10:41:03;0;0;M;0,220530232;EST;-1,296527383
EF21;21/04/2022;15:00:54;0;0;F;2,108529856;EST;0,621443986
EF21;21/04/2022;15:01:32;0;0;F;2,108529856;EST;0,621443986
EF21;21/04/2022;16:02:19;0;0;F;2,108529856;EST;-0,474539653
EF21;17/03/2022;15:01:43;0;0;F;2,06919653;EST;-1,022531473
EF21;23/08/2022;08:16:18;0;0;F;2,265863157;EST;-0,474539653
EF21;23/08/2022;08:18:02;0;0;F;2,265863157;EST;0,073452166
EF21;23/08/2022;10:00:45;0;0;F;2,265863157;EST;-1,296527383
EF21;23/06/2022;14:14:56;0;1;F;2,187196507;EST;1,169435806
EF21;23/08/2022;10:05:55;0;0;F;2,265863157;EST;-0,748535563
EF21;23/08/2022;10:11:00;0;0;F;2,265863157;EST;-0,200543744
EF21;26/08/2022;07:57:00;0;0;F;2,265863157;EST;0,621443986
EF21;26/08/2022;09:47:23;0;0;F;2,265863157;EST;-1,570523293
EF21;26/08/2022;12:09:22;0;0;F;2,265863157;EST;1,991423535
EF21;26/08/2022;12:09:41;0;0;F;2,265863157;EST;1,991423535
EF21;26/08/2022;13:09:54;0;1;F;2,265863157;EST;1,991423535
EF21;16/12/2022;12:20:51;1;1;F;2,423196459;EST;-0,748535563
EF21;23/08/2022;10:01:39;0;0;F;2,265863157;EST;-1,296527383
EF21;28/03/2023;08:40:05;0;0;F;2,541196436;EST;0,347448076
SM22;05/04/2022;16:04:59;0;0;M;-0,487469626;SUD;0,895439896
SM22;11/05/2022;13:19:33;0;1;M;-0,448136301;SUD;-1,570523293
SM22;06/02/2022;12:51:08;1;1;M;-0,566136277;SUD;-1,570523293
SM22;11/05/2022;15:29:59;1;0;M;-0,448136301;SUD;0,621443986
SM22;11/05/2022;15:55:54;1;1;M;-0,448136301;SUD;0,621443986
SM22;13/05/2022;14:50:46;1;1;M;-0,448136301;SUD;-0,748535563
SM22;22/08/2022;10:25:58;1;1;M;-0,330136324;SUD;-0,474539653
SM22;22/08/2022;10:54:16;1;1;M;-0,330136324;SUD;-1,022531473
SM22;22/08/2022;14:54:50;0;1;M;-0,330136324;SUD;-0,474539653
SM22;22/08/2022;16:02:26;1;0;M;-0,330136324;SUD;-1,570523293
SM22;11/05/2022;14:36:14;0;1;M;-0,448136301;SUD;0,621443986
SM22;11/05/2022;15:29:20;1;0;M;-0,448136301;SUD;0,621443986
NF23;26/01/2022;07:56:37;1;0;F;-1,038136183;NORD;0,073452166
NF23;13/02/2022;07:15:39;0;0;F;-0,998802858;NORD;0,347448076
NF23;14/02/2022;15:56:33;1;0;F;-0,998802858;NORD;0,073452166
NF23;12/02/2022;10:56:21;1;1;F;-0,998802858;NORD;-0,474539653
NF23;12/02/2022;14:54:48;1;0;F;-0,998802858;NORD;0,347448076
NF23;12/03/2022;14:13:04;0;1;F;-0,959469532;NORD;-1,570523293
NF23;12/03/2022;15:39:27;1;0;F;-0,959469532;NORD;-1,296527383
NF23;19/03/2022;09:09:12;1;0;F;-0,959469532;NORD;1,169435806
NF23;19/03/2022;09:41:13;1;0;F;-0,959469532;NORD;1,443431715
NF23;19/03/2022;09:48:18;0;0;F;-0,959469532;NORD;1,443431715
NF23;19/03/2022;13:45:53;0;1;F;-0,959469532;NORD;-0,200543744
NF23;19/06/2022;12:06:10;1;1;F;-0,841469556;NORD;0,073452166
NF23;19/06/2022;13:50:01;1;1;F;-0,841469556;NORD;0,073452166
NF23;19/06/2022;15:04:39;1;0;F;-0,841469556;NORD;0,073452166
NF23;20/06/2022;09:55:13;1;0;F;-0,841469556;NORD;-0,748535563
NF23;15/07/2022;12:13:10;0;0;F;-0,80213623;NORD;-0,200543744
NF23;12/03/2022;11:07:24;1;0;F;-0,959469532;NORD;-1,570523293
NF23;12/03/2022;11:22:27;1;0;F;-0,959469532;NORD;-0,748535563
SM24;24/09/2022;14:20:49;0;1;M;1,911863228;SUD;0,347448076
SM24;24/09/2022;07:44:20;0;1;M;1,911863228;SUD;-0,474539653
SM24;24/09/2022;14:10:53;0;1;M;1,911863228;SUD;0,073452166
SM25;06/02/2022;09:10:39;1;1;M;-0,133469697;SUD;-1,570523293
SM25;08/03/2022;08:00:59;1;1;M;-0,094136372;SUD;0,073452166
SM25;08/03/2022;09:00:22;1;1;M;-0,094136372;SUD;0,347448076
SM25;20/03/2022;11:43:48;1;1;M;-0,094136372;SUD;-1,296527383
SM25;08/03/2022;08:01:23;1;1;M;-0,094136372;SUD;0,073452166
SM25;08/03/2022;08:04:11;1;1;M;-0,094136372;SUD;0,073452166
SM25;02/04/2022;14:06:35;0;0;M;-0,054803046;SUD;-0,474539653
SM25;02/04/2022;15:42:23;0;0;M;-0,054803046;SUD;-0,474539653
SM25;20/03/2022;13:31:05;1;1;M;-0,094136372;SUD;-1,296527383
SM25;02/04/2022;13:45:48;0;0;M;-0,054803046;SUD;-0,474539653
SM25;02/04/2022;15:42:47;1;1;M;-0,054803046;SUD;-0,474539653
SM26;12/03/2022;08:01:26;1;0;M;-0,526802952;EST;-1,570523293
SM26;05/04/2022;12:22:33;1;0;M;-0,487469626;EST;0,895439896
SM26;09/04/2022;13:10:19;1;1;M;-0,487469626;EST;-1,022531473
SM26;09/04/2022;14:52:44;0;0;M;-0,487469626;EST;1,169435806
SM26;09/04/2022;15:03:32;0;0;M;-0,487469626;EST;1,443431715
SM26;08/06/2022;13:27:05;0;0;M;-0,408802975;EST;0,895439896
SM26;08/06/2022;14:38:56;0;0;M;-0,408802975;EST;-1,022531473
SM26;12/06/2022;15:40:47;0;0;M;-0,408802975;EST;-0,748535563
SM26;12/06/2022;15:42:05;0;0;M;-0,408802975;EST;-0,748535563
SM26;12/06/2022;15:43:47;0;0;M;-0,408802975;EST;-0,748535563
SM26;12/08/2022;17:20:00;0;0;M;-0,330136324;EST;-0,748535563
SM26;21/02/2022;10:32:08;1;0;M;-0,566136277;EST;-0,748535563
SM26;08/02/2022;10:51:26;1;1;M;-0,566136277;EST;-1,570523293
SF27;01/02/2022;12:10:30;1;0;F;-0,644802928;SUD;1,169435806
SF27;12/04/2022;07:45:50;0;0;F;-0,566136277;SUD;0,621443986
SF27;12/04/2022;09:00:11;1;0;F;-0,566136277;SUD;-0,474539653
SF27;12/04/2022;09:01:29;0;0;F;-0,566136277;SUD;-0,200543744
SF27;12/04/2022;09:57:04;1;0;F;-0,566136277;SUD;-0,748535563
SF27;12/04/2022;11:30:57;0;1;F;-0,566136277;SUD;0,895439896
SF27;12/04/2022;11:55:09;1;1;F;-0,566136277;SUD;-1,022531473
SF27;12/04/2022;11:57:42;0;0;F;-0,566136277;SUD;-1,022531473
SF27;12/04/2022;12:05:02;0;0;F;-0,566136277;SUD;-0,200543744
SF27;12/04/2022;14:04:30;1;0;F;-0,566136277;SUD;-0,200543744
SF27;12/04/2022;14:24:43;0;0;F;-0,566136277;SUD;0,073452166
SF27;12/04/2022;14:31:53;1;0;F;-0,566136277;SUD;0,347448076
SF27;01/02/2022;12:22:25;1;0;F;-0,644802928;SUD;1,169435806
SF27;01/02/2022;12:27:55;1;1;F;-0,644802928;SUD;1,169435806
SF27;13/04/2022;07:09:00;0;0;F;-0,566136277;SUD;0,621443986
SF27;13/04/2022;07:25:50;1;0;F;-0,566136277;SUD;0,895439896
SF27;13/04/2022;08:24:45;0;0;F;-0,566136277;SUD;-1,022531473
SF27;13/04/2022;08:34:11;1;0;F;-0,566136277;SUD;-1,296527383
SF27;13/04/2022;08:44:06;0;0;F;-0,566136277;SUD;-0,748535563
SF27;13/04/2022;09:04:38;1;0;F;-0,566136277;SUD;-0,748535563
SF27;13/04/2022;09:25:32;0;0;F;-0,566136277;SUD;-0,200543744
SF27;13/04/2022;10:31:17;0;0;F;-0,566136277;SUD;-0,200543744
SF27;13/04/2022;10:42:40;0;1;F;-0,566136277;SUD;0,073452166
SF27;13/04/2022;11:20:14;0;0;F;-0,566136277;SUD;-0,200543744
SF27;13/04/2022;11:55:49;0;0;F;-0,566136277;SUD;0,347448076
SF27;12/04/2022;15:13:57;1;0;F;-0,566136277;SUD;0,895439896
SF27;12/04/2022;16:30:54;0;0;F;-0,566136277;SUD;1,717427625
SF27;15/04/2022;12:42:54;1;0;F;-0,566136277;SUD;-0,474539653
SF27;15/04/2022;14:35:06;1;0;F;-0,566136277;SUD;-0,474539653
SF27;15/04/2022;14:47:24;1;0;F;-0,566136277;SUD;0,347448076
SF27;15/04/2022;14:53:53;0;0;F;-0,566136277;SUD;0,621443986
SF27;15/04/2022;15:11:04;1;0;F;-0,566136277;SUD;-0,474539653
SF27;18/04/2022;07:50:15;0;1;F;-0,566136277;SUD;0,073452166
SF27;18/04/2022;07:58:23;0;1;F;-0,566136277;SUD;0,073452166
SF27;18/04/2022;08:14:40;1;0;F;-0,566136277;SUD;0,895439896
SF27;18/04/2022;08:40:14;1;0;F;-0,566136277;SUD;0,347448076
SF27;18/04/2022;08:45:13;1;0;F;-0,566136277;SUD;0,347448076
SF27;18/04/2022;08:49:18;0;1;F;-0,566136277;SUD;0,347448076
SF27;18/04/2022;08:57:43;0;0;F;-0,566136277;SUD;0,347448076
SF27;18/04/2022;09:21:55;1;0;F;-0,566136277;SUD;0,621443986
SF27;18/04/2022;09:50:41;0;1;F;-0,566136277;SUD;-0,748535563
SF27;18/04/2022;16:42:19;0;0;F;-0,566136277;SUD;2,265419445
SF27;03/05/2022;06:48:16;1;0;F;-0,526802952;SUD;-0,200543744
SF27;03/05/2022;06:54:41;1;0;F;-0,526802952;SUD;-0,200543744
SF27;03/05/2022;06:56:44;1;0;F;-0,526802952;SUD;0,073452166
SF27;03/05/2022;07:32:27;0;0;F;-0,526802952;SUD;0,073452166
SF27;03/05/2022;07:39:27;0;1;F;-0,526802952;SUD;0,347448076
SF27;03/05/2022;07:41:17;0;0;F;-0,526802952;SUD;0,347448076
SF27;03/05/2022;07:51:10;0;0;F;-0,526802952;SUD;-1,022531473
SF27;03/05/2022;07:59:31;0;0;F;-0,526802952;SUD;-0,474539653
SF27;03/05/2022;08:04:20;0;0;F;-0,526802952;SUD;-1,022531473
SF27;03/05/2022;08:19:33;0;0;F;-0,526802952;SUD;0,621443986
SF27;03/05/2022;08:35:34;0;0;F;-0,526802952;SUD;0,073452166
SF27;03/05/2022;08:42:38;0;0;F;-0,526802952;SUD;-0,748535563
SF27;03/05/2022;08:44:56;1;0;F;-0,526802952;SUD;-0,200543744
SF27;03/05/2022;09:18:48;0;1;F;-0,526802952;SUD;0,347448076
SF27;03/05/2022;10:49:40;1;0;F;-0,526802952;SUD;-0,474539653
SF27;03/05/2022;11:50:23;0;1;F;-0,526802952;SUD;0,621443986
SF27;03/05/2022;12:31:01;1;1;F;-0,526802952;SUD;-0,748535563
SF27;08/08/2022;08:10:07;1;0;F;-0,408802975;SUD;-1,844519202
SF27;08/08/2022;08:11:25;0;0;F;-0,408802975;SUD;-1,844519202
SF27;08/08/2022;12:35:53;1;1;F;-0,408802975;SUD;-1,296527383
SF27;08/08/2022;14:27:33;0;0;F;-0,408802975;SUD;-0,748535563
SF27;08/08/2022;16:48:58;0;0;F;-0,408802975;SUD;-0,748535563
SF27;10/08/2022;07:04:46;1;1;F;-0,408802975;SUD;-1,296527383
SF27;15/04/2022;12:16:05;0;0;F;-0,566136277;SUD;-0,200543744
SF27;15/04/2022;12:41:20;0;0;F;-0,566136277;SUD;-0,474539653
SF27;19/08/2022;17:29:09;1;0;F;-0,408802975;SUD;-0,200543744
SF27;10/08/2022;13:36:42;0;0;F;-0,408802975;SUD;-1,296527383
SM28;08/04/2022;06:38:09;0;0;M;0,141863581;SUD;-0,748535563
SM28;08/04/2022;09:59:32;0;0;M;0,141863581;SUD;-0,200543744
SM28;08/04/2022;10:13:17;0;0;M;0,141863581;SUD;-0,748535563
SM28;08/04/2022;10:54:30;0;0;M;0,141863581;SUD;0,073452166
SM28;08/04/2022;11:09:55;0;0;M;0,141863581;SUD;-0,748535563
SM28;08/04/2022;12:07:32;0;0;M;0,141863581;SUD;-1,296527383
SM28;08/04/2022;10:14:27;1;0;M;0,141863581;SUD;-0,748535563
SM28;08/04/2022;12:32:03;0;0;M;0,141863581;SUD;-1,570523293
SM28;08/04/2022;12:37:48;0;0;M;0,141863581;SUD;-1,570523293
SM28;08/04/2022;12:57:39;0;0;M;0,141863581;SUD;-1,296527383
SM28;08/04/2022;12:25:12;0;0;M;0,141863581;SUD;-1,296527383
SM28;22/03/2022;11:46:18;0;0;M;0,102530256;SUD;0,895439896
SM28;03/05/2022;14:11:43;0;0;M;0,181196907;SUD;0,073452166
SM28;03/05/2022;16:52:57;0;1;M;0,181196907;SUD;-0,200543744
SM28;01/06/2022;15:32:26;0;0;M;0,220530232;SUD;-1,844519202
SM28;01/06/2022;15:36:25;0;1;M;0,220530232;SUD;-1,844519202
SM28;01/06/2022;16:35:35;0;1;M;0,220530232;SUD;-1,844519202
SM28;01/06/2022;16:42:37;0;0;M;0,220530232;SUD;-1,844519202
SM28;01/06/2022;16:47:52;0;1;M;0,220530232;SUD;-1,844519202
SM28;01/06/2022;16:49:16;0;0;M;0,220530232;SUD;-1,844519202
SM28;01/06/2022;16:52:12;0;0;M;0,220530232;SUD;-1,844519202
SM28;02/06/2022;09:13:36;0;0;M;0,220530232;SUD;-1,844519202
SM28;12/08/2022;12:57:25;0;1;M;0,299196883;SUD;-0,474539653
SM28;08/04/2022;13:33:15;0;0;M;0,141863581;SUD;-1,296527383
SM28;08/04/2022;14:52:41;0;0;M;0,141863581;SUD;-1,296527383
SF29;08/04/2022;09:53:23;0;0;F;1,911863228;SUD;1,443431715
SF29;08/04/2022;10:15:35;0;0;F;1,911863228;SUD;-0,748535563
SF29;08/04/2022;10:56:43;0;0;F;1,911863228;SUD;0,073452166
SF29;07/04/2022;16:28:34;0;0;F;1,911863228;SUD;-1,022531473
SF29;08/04/2022;06:40:44;0;0;F;1,911863228;SUD;-0,474539653
EM30;20/03/2022;14:18:17;1;0;M;0,06319693;EST;0,347448076
EM30;02/04/2022;08:08:44;0;1;M;0,102530256;EST;-0,474539653
EM30;05/03/2022;10:10:10;0;1;M;0,06319693;EST;-1,022531473
EM30;17/03/2022;11:06:50;0;1;M;0,06319693;EST;-1,022531473
EM30;02/04/2022;13:33:20;0;0;M;0,102530256;EST;0,621443986
EM30;02/04/2022;13:58:27;0;1;M;0,102530256;EST;0,073452166
EM30;02/04/2022;08:10:35;1;1;M;0,102530256;EST;-0,474539653
EM30;02/04/2022;13:32:14;0;0;M;0,102530256;EST;0,621443986
